<environmentvariabledefinition schemaname="cr705_ClientAdminStaticPDFNameKeyword">
  <defaultvalue>new acct template jp morgan jpm cwm</defaultvalue>
  <description default="This keyword identifies the static JPM New Acct Template PDF stored in the ClientDocs_PDF SharePoint folder. The file name will remain constant and is not expected to change in the future.">
    <label description="This keyword identifies the static JPM New Acct Template PDF stored in the ClientDocs_PDF SharePoint folder. The file name will remain constant and is not expected to change in the future." languagecode="1033" />
  </description>
  <displayname default="ClientAdminStaticPDFNameKeyword">
    <label description="ClientAdminStaticPDFNameKeyword" languagecode="1033" />
  </displayname>
  <introducedversion>1.0.0.0</introducedversion>
  <iscustomizable>1</iscustomizable>
  <isrequired>0</isrequired>
  <secretstore>0</secretstore>
  <type>100000000</type>
</environmentvariabledefinition>