<environmentvariabledefinition schemaname="cr705_MailAttachmentsLibrary">
  <defaultvalue>Mail Attachments</defaultvalue>
  <description default="Stores the SharePoint folder name where email attachments are saved.">
    <label description="Stores the SharePoint folder name where email attachments are saved." languagecode="1033" />
  </description>
  <displayname default="MailAttachmentsLibrary">
    <label description="MailAttachmentsLibrary" languagecode="1033" />
  </displayname>
  <introducedversion>1.0.0.0</introducedversion>
  <iscustomizable>1</iscustomizable>
  <isrequired>0</isrequired>
  <secretstore>0</secretstore>
  <type>100000000</type>
</environmentvariabledefinition>