{
  "properties": {
    "connectionReferences": {
      "shared_sharepointonline": {
        "runtimeSource": "embedded",
        "connection": {
          "connectionReferenceLogicalName": "cr705_sharedsharepointonline_10e05"
        },
        "api": {
          "name": "shared_sharepointonline"
        }
      }
    },
    "definition": {
      "$schema": "https://schema.management.azure.com/providers/Microsoft.Logic/schemas/2016-06-01/workflowdefinition.json#",
      "contentVersion": "1.0.0.0",
      "parameters": {
        "$authentication": {
          "defaultValue": {},
          "type": "SecureObject"
        },
        "$connections": {
          "defaultValue": {},
          "type": "Object"
        }
      },
      "triggers": {
        "Recurrence": {
          "recurrence": {
            "frequency": "Day",
            "interval": 1,
            "startTime": "2025-11-04T04:30:00Z"
          },
          "metadata": {
            "operationMetadataId": "aa7644c9-d391-44bd-8340-1e924f2c2642"
          },
          "type": "Recurrence"
        }
      },
      "actions": {
        "Get_items": {
          "runAfter": {},
          "metadata": {
            "operationMetadataId": "9750c348-a102-4829-ad05-75b173f0e28b"
          },
          "type": "OpenApiConnection",
          "inputs": {
            "parameters": {
              "dataset": "https://avamw.sharepoint.com/sites/AvaMW",
              "table": "388a46cf-ccc3-48bc-8d80-45179d839ae8",
              "$filter": "HoldForNextDay eq 1"
            },
            "host": {
              "apiId": "/providers/Microsoft.PowerApps/apis/shared_sharepointonline",
              "operationId": "GetItems",
              "connectionName": "shared_sharepointonline"
            }
          }
        },
        "Apply_to_each": {
          "foreach": "@outputs('Get_items')?['body/value']",
          "actions": {
            "Run_a_Child_Flow": {
              "runAfter": {
                "Compose-_Update_URL": [
                  "Succeeded"
                ]
              },
              "metadata": {
                "operationMetadataId": "8cd4ac80-9417-4e80-9470-9edaac16a079"
              },
              "type": "Workflow",
              "inputs": {
                "host": {
                  "workflowReferenceName": "650f98b5-68b9-f011-bbd3-000d3a1f9dff"
                },
                "body": {
                  "text": "@items('Apply_to_each')?['Title']",
                  "text_1": "@items('Apply_to_each')?['AccountNumber']",
                  "text_2": "@items('Apply_to_each')?['EstimateValue']",
                  "text_3": "@string(items('Apply_to_each')?['ID'])",
                  "text_4": "@items('Apply_to_each')?['Style']",
                  "text_5": "@string(items('Apply_to_each')?['ACCOUNTBALANCE'])",
                  "text_6": "@items('Apply_to_each')?['Composite']",
                  "text_7": "@items('Apply_to_each')?['CompositeDate']",
                  "text_8": "@trim(outputs('Compose-_Update_URL'))",
                  "text_9": "@items('Apply_to_each')?['Memo']"
                },
                "retryPolicy": {
                  "type": "none"
                }
              }
            },
            "Update_item": {
              "runAfter": {
                "Run_a_Child_Flow": [
                  "Succeeded"
                ]
              },
              "metadata": {
                "operationMetadataId": "76da4472-2609-4d32-ab54-f53fe781f22b"
              },
              "type": "OpenApiConnection",
              "inputs": {
                "parameters": {
                  "dataset": "https://avamw.sharepoint.com/sites/AvaMW",
                  "table": "388a46cf-ccc3-48bc-8d80-45179d839ae8",
                  "id": "@first(body('Get_items')?['value'])?['ID']",
                  "item/HoldForNextDay": false,
                  "item/RetryDate": "@null"
                },
                "host": {
                  "apiId": "/providers/Microsoft.PowerApps/apis/shared_sharepointonline",
                  "operationId": "PatchItem",
                  "connectionName": "shared_sharepointonline"
                }
              }
            },
            "Compose-_Update_URL": {
              "type": "Compose",
              "inputs": "@{replace(replace(\r\n    join(\r\n        take(\r\n            split(\r\n                decodeUriComponent(items('Apply_to_each')?['URL']),\r\n                '/'\r\n            ),\r\n            sub(length(split(decodeUriComponent(items('Apply_to_each')?['URL']), '/')), 1)\r\n        ),\r\n        '/'\r\n    ),\r\n    'https://avamw.sharepoint.com/sites/AvaMW/',\r\n    ''\r\n)\r\n,'\\n','')}\n"
            }
          },
          "runAfter": {
            "Get_items": [
              "Succeeded"
            ]
          },
          "metadata": {
            "operationMetadataId": "54bd5a70-caf8-40d8-97cc-136ffd261f07"
          },
          "type": "Foreach"
        }
      }
    },
    "templateName": null
  },
  "schemaVersion": "1.0.0.0"
}