<environmentvariabledefinition schemaname="cr705_PCGTradersAPLScreenshotFolder">
  <defaultvalue>Trader_Agent_Screenshot</defaultvalue>
  <displayname default="PCGTradersAPLScreenshotFolder">
    <label description="PCGTradersAPLScreenshotFolder" languagecode="1033" />
  </displayname>
  <introducedversion>1.0.0.0</introducedversion>
  <iscustomizable>1</iscustomizable>
  <isrequired>0</isrequired>
  <secretstore>0</secretstore>
  <type>100000000</type>
</environmentvariabledefinition>