<environmentvariabledefinition schemaname="cr705_ClientAdminAPLScreenshotFolder">
  <defaultvalue>New_Account_Setup_Agent_Screenshot</defaultvalue>
  <displayname default="ClientAdminAPLScreenshotFolder">
    <label description="ClientAdminAPLScreenshotFolder" languagecode="1033" />
  </displayname>
  <introducedversion>1.0.0.0</introducedversion>
  <iscustomizable>1</iscustomizable>
  <isrequired>0</isrequired>
  <secretstore>0</secretstore>
  <type>100000000</type>
</environmentvariabledefinition>