{
  "properties": {
    "connectionReferences": {
      "shared_approvals-1": {
        "runtimeSource": "embedded",
        "connection": {
          "connectionReferenceLogicalName": "new_sharedapprovals_bf1b4"
        },
        "api": {
          "name": "shared_approvals"
        }
      },
      "shared_sharepointonline": {
        "runtimeSource": "embedded",
        "connection": {
          "connectionReferenceLogicalName": "cr705_sharedsharepointonline_10e05"
        },
        "api": {
          "name": "shared_sharepointonline"
        }
      },
      "shared_teams": {
        "runtimeSource": "embedded",
        "connection": {
          "connectionReferenceLogicalName": "new_sharedteams_3b75d"
        },
        "api": {
          "name": "shared_teams"
        }
      },
      "shared_office365": {
        "runtimeSource": "embedded",
        "connection": {
          "connectionReferenceLogicalName": "cr705_sharedoffice365_57163"
        },
        "api": {
          "name": "shared_office365"
        }
      },
      "shared_wordonlinebusiness": {
        "runtimeSource": "embedded",
        "connection": {
          "connectionReferenceLogicalName": "cr705_sharedwordonlinebusiness_2fbe4"
        },
        "api": {
          "name": "shared_wordonlinebusiness"
        }
      }
    },
    "definition": {
      "$schema": "https://schema.management.azure.com/providers/Microsoft.Logic/schemas/2016-06-01/workflowdefinition.json#",
      "contentVersion": "1.0.0.0",
      "parameters": {
        "$authentication": {
          "defaultValue": {},
          "type": "SecureObject"
        },
        "$connections": {
          "defaultValue": {},
          "type": "Object"
        }
      },
      "triggers": {
        "manual": {
          "metadata": {
            "operationMetadataId": "205e22cb-9a07-4041-9965-45fc2ae79c32"
          },
          "type": "Request",
          "kind": "Button",
          "inputs": {
            "schema": {
              "type": "object",
              "properties": {
                "text": {
                  "title": "SNAME",
                  "type": "string",
                  "x-ms-dynamically-added": true,
                  "description": "Please enter your input",
                  "x-ms-content-hint": "TEXT"
                },
                "text_1": {
                  "title": "AccountNumber",
                  "type": "string",
                  "x-ms-dynamically-added": true,
                  "description": "Please enter your input",
                  "x-ms-content-hint": "TEXT"
                },
                "text_2": {
                  "title": "EstimateValue",
                  "type": "string",
                  "x-ms-dynamically-added": true,
                  "description": "Please enter your input",
                  "x-ms-content-hint": "TEXT"
                },
                "text_3": {
                  "title": "id",
                  "type": "string",
                  "x-ms-dynamically-added": true,
                  "description": "Please enter your input",
                  "x-ms-content-hint": "TEXT"
                },
                "text_4": {
                  "title": "Style",
                  "type": "string",
                  "x-ms-dynamically-added": true,
                  "description": "Please enter your input",
                  "x-ms-content-hint": "TEXT"
                },
                "text_5": {
                  "title": "AccountBalance",
                  "type": "string",
                  "x-ms-dynamically-added": true,
                  "description": "Please enter your input",
                  "x-ms-content-hint": "TEXT"
                },
                "text_6": {
                  "title": "Composite",
                  "type": "string",
                  "x-ms-dynamically-added": true,
                  "description": "Please enter your input",
                  "x-ms-content-hint": "TEXT"
                },
                "text_7": {
                  "title": "CompositeDate",
                  "type": "string",
                  "x-ms-dynamically-added": true,
                  "description": "Please enter your input",
                  "x-ms-content-hint": "TEXT"
                },
                "text_8": {
                  "title": "URL",
                  "type": "string",
                  "x-ms-dynamically-added": true,
                  "description": "Please enter your input",
                  "x-ms-content-hint": "TEXT"
                },
                "text_9": {
                  "description": "Please enter your input",
                  "title": "Memo",
                  "type": "string",
                  "x-ms-content-hint": "TEXT",
                  "x-ms-dynamically-added": true
                }
              },
              "required": [
                "text",
                "text_1",
                "text_2",
                "text_3",
                "text_4",
                "text_5",
                "text_6",
                "text_7",
                "text_8",
                "text_9"
              ]
            }
          }
        }
      },
      "actions": {
        "Initialize_variable": {
          "runAfter": {},
          "metadata": {
            "operationMetadataId": "0261a0df-648d-4a97-a0f6-f2745474e604"
          },
          "type": "InitializeVariable",
          "inputs": {
            "variables": [
              {
                "name": "hasHoldOrTerminationFlag",
                "type": "boolean",
                "value": false
              }
            ]
          }
        },
        "Initialize_variable_2": {
          "runAfter": {
            "Initialize_variable": [
              "Succeeded"
            ]
          },
          "metadata": {
            "operationMetadataId": "cfef6af3-a37d-47c6-93de-ea7c3f815e32"
          },
          "type": "InitializeVariable",
          "inputs": {
            "variables": [
              {
                "name": "isRestrictedAccount",
                "type": "boolean",
                "value": false
              }
            ]
          }
        },
        "Respond_to_a_Power_App_or_flow": {
          "runAfter": {
            "Condition": [
              "Succeeded"
            ]
          },
          "metadata": {
            "operationMetadataId": "79642567-2ea7-402f-9086-5257340f2c54"
          },
          "type": "Response",
          "kind": "PowerApp",
          "inputs": {
            "schema": {
              "type": "object",
              "properties": {
                "approvalresult": {
                  "title": "ApprovalResult",
                  "x-ms-dynamically-added": true,
                  "type": "string"
                }
              },
              "additionalProperties": {}
            },
            "statusCode": 200,
            "body": {
              "approvalresult": "Approved"
            }
          }
        },
        "Start_and_wait_for_an_approval": {
          "runAfter": {
            "Initialize_variable_-_outputfolder": [
              "Succeeded"
            ]
          },
          "metadata": {
            "operationMetadataId": "8627cee5-b216-477d-a8e9-71f8cd5a6128"
          },
          "type": "OpenApiConnectionWebhook",
          "inputs": {
            "parameters": {
              "approvalType": "BasicAwaitAll",
              "WebhookApprovalCreationInput/title": "Peer Review",
              "WebhookApprovalCreationInput/assignedTo": "eugene.fong@avanademw.com",
              "WebhookApprovalCreationInput/details": "Please review the following account details:\n\nSNAME: @{triggerBody()?['text']}\nAccount Number: @{triggerBody()?['text_1']}\nEstimate Value:  @{triggerBody()?['text_2']}\nStyle: @{triggerBody()?['text_4']}\nAccount Balance: @{triggerBody()?['text_5']}\nComposite: @{triggerBody()?['text_6']}\nComposite Date: @{triggerBody()?['text_7']}\nMemo: @{triggerBody()?['text_9']}\n\nPlease approve or reject the client record.",
              "WebhookApprovalCreationInput/enableNotifications": true,
              "WebhookApprovalCreationInput/enableReassignment": true
            },
            "host": {
              "apiId": "/providers/Microsoft.PowerApps/apis/shared_approvals",
              "operationId": "StartAndWaitForAnApproval",
              "connectionName": "shared_approvals-1"
            }
          }
        },
        "Update_item_-_validation_stage": {
          "runAfter": {
            "Start_and_wait_for_an_approval": [
              "Succeeded"
            ]
          },
          "metadata": {
            "operationMetadataId": "bb6b9746-a365-4738-9efe-ee14fec7c036"
          },
          "type": "OpenApiConnection",
          "inputs": {
            "parameters": {
              "dataset": "https://avamw.sharepoint.com/sites/AvaMW",
              "table": "388a46cf-ccc3-48bc-8d80-45179d839ae8",
              "id": "@int(triggerBody()?['text_3'])",
              "item/Status/Value": "Validation Stage",
              "item/HoldForNextDay": false,
              "item/Personar/Value": "PCG Implementation"
            },
            "host": {
              "apiId": "/providers/Microsoft.PowerApps/apis/shared_sharepointonline",
              "operationId": "PatchItem",
              "connectionName": "shared_sharepointonline"
            }
          }
        },
        "Condition": {
          "actions": {
            "Post_adaptive_card_and_wait_for_a_response_1": {
              "metadata": {
                "operationMetadataId": "9f3d9a39-d232-444b-a4e0-3d86901f2b9e"
              },
              "type": "OpenApiConnectionWebhook",
              "inputs": {
                "parameters": {
                  "poster": "Flow bot",
                  "location": "Chat with Flow bot",
                  "body/body/messageBody": "{\n  \"$schema\": \"http://adaptivecards.io/schemas/adaptive-card.json\",\n  \"type\": \"AdaptiveCard\",\n  \"version\": \"1.5\",\n  \"body\": [\n    {\n      \"type\": \"TextBlock\",\n      \"text\": \"Hello !\",\n      \"weight\": \"Bolder\",\n      \"size\": \"Medium\"\n    },\n    {\n      \"type\": \"TextBlock\",\n      \"text\": \"Please review the incoming PCG Implementation request details below and complete the Manual Checklist Validation.\",\n      \"wrap\": true\n    },\n    {\n      \"type\": \"Container\",\n      \"style\": \"emphasis\",\n      \"bleed\": true,\n      \"items\": [\n        {\n          \"type\": \"ColumnSet\",\n          \"columns\": [\n            {\n              \"type\": \"Column\",\n              \"width\": \"auto\",\n              \"items\": [\n                { \"type\": \"TextBlock\", \"text\": \"SNAME\", \"weight\": \"Bolder\", \"wrap\": true },\n                { \"type\": \"TextBlock\", \"text\": \"Account Number\", \"weight\": \"Bolder\", \"wrap\": true },\n                { \"type\": \"TextBlock\", \"text\": \"Estimate Value\", \"weight\": \"Bolder\", \"wrap\": true },\n                { \"type\": \"TextBlock\", \"text\": \"Style\", \"weight\": \"Bolder\", \"wrap\": true },\n                { \"type\": \"TextBlock\", \"text\": \"Account Balance\", \"weight\": \"Bolder\", \"wrap\": true },\n                { \"type\": \"TextBlock\", \"text\": \"Composite\", \"weight\": \"Bolder\", \"wrap\": true },\n                { \"type\": \"TextBlock\", \"text\": \"Composite Date\", \"weight\": \"Bolder\", \"wrap\": true },\n                { \"type\": \"TextBlock\", \"text\": \"Memo\", \"weight\": \"Bolder\", \"wrap\": true }\n              ]\n            },\n            {\n              \"type\": \"Column\",\n              \"width\": \"stretch\",\n              \"items\": [\n                { \"type\": \"TextBlock\", \"text\": \"@{triggerBody()?['text']}\" },\n                { \"type\": \"TextBlock\", \"text\": \"@{triggerBody()?['text_1']}\" },\n                { \"type\": \"TextBlock\", \"text\": \"@{triggerBody()?['text_2']}\" },\n                { \"type\": \"TextBlock\", \"text\": \"@{triggerBody()?['text_4']}\" },\n                { \"type\": \"TextBlock\", \"text\": \"@{triggerBody()?['text_5']}\" },\n                { \"type\": \"TextBlock\", \"text\": \"@{triggerBody()?['text_6']}\" },\n                { \"type\": \"TextBlock\", \"text\": \"@{triggerBody()?['text_7']}\" },\n                { \"type\": \"TextBlock\", \"text\": \"@{triggerBody()?['text_9']}\" }\n              ]\n            }\n          ]\n        }\n      ]\n    },\n    {\n      \"type\": \"TextBlock\",\n      \"text\": \"Manual Checklist\",\n      \"weight\": \"Bolder\",\n      \"size\": \"Medium\",\n      \"separator\": true\n    },\n    {\n      \"type\": \"TextBlock\",\n      \"text\": \"Review the following details:\",\n      \"weight\": \"Bolder\",\n      \"spacing\": \"Medium\"\n    },\n    {\n      \"type\": \"Input.ChoiceSet\",\n      \"id\": \"terminationNotice\",\n      \"label\": \"1️⃣ Is there a hold or termination notice on the account?\",\n      \"style\": \"expanded\",\n      \"choices\": [\n        { \"title\": \"Yes\", \"value\": \"Yes\" },\n        { \"title\": \"No\", \"value\": \"No\" }\n      ]\n    },\n    {\n      \"type\": \"Input.ChoiceSet\",\n      \"id\": \"accountRestriction\",\n      \"label\": \"2️⃣ Does the account have restrictions?\",\n      \"style\": \"expanded\",\n      \"choices\": [\n        { \"title\": \"Yes\", \"value\": \"Yes\" },\n        { \"title\": \"No\", \"value\": \"No\" }\n      ]\n    },\n    {\n      \"type\": \"Input.ChoiceSet\",\n      \"id\": \"tradeOccurred\",\n      \"label\": \"3️⃣ Has trade occurred on this account today?\",\n      \"style\": \"expanded\",\n      \"choices\": [\n        { \"title\": \"Yes\", \"value\": \"Yes\" },\n        { \"title\": \"No\", \"value\": \"No\" }\n      ]\n    },\n    {\n      \"type\": \"Input.ChoiceSet\",\n      \"id\": \"funded\",\n      \"label\": \"4️⃣ Is the account still funded?\",\n      \"style\": \"expanded\",\n      \"choices\": [\n        { \"title\": \"Yes\", \"value\": \"Yes\" },\n        { \"title\": \"No\", \"value\": \"No\" }\n      ]\n    }\n  ],\n  \"actions\": [\n    {\n      \"type\": \"Action.Submit\",\n      \"title\": \"Submit Checklist\",\n      \"data\": { \"action\": \"submitChecklist\" }\n    }\n  ]\n}",
                  "body/body/updateMessage": "Thanks for your response!",
                  "body/body/recipient/to": "eugene.fong@avanademw.com;"
                },
                "host": {
                  "apiId": "/providers/Microsoft.PowerApps/apis/shared_teams",
                  "operationId": "PostCardAndWaitForResponse",
                  "connectionName": "shared_teams"
                }
              }
            },
            "Compose_-_locking_data_of_adaptive_card": {
              "runAfter": {
                "Post_adaptive_card_and_wait_for_a_response_1": [
                  "Succeeded"
                ]
              },
              "metadata": {
                "operationMetadataId": "52c7245d-400e-4e72-a2d0-fac5ae5fd8d6"
              },
              "type": "Compose",
              "inputs": "@body('Post_adaptive_card_and_wait_for_a_response_1')"
            },
            "Condition_-_Checking_the_trade_account_and_account_funded_details": {
              "actions": {
                "Send_an_email_(V2)_2": {
                  "metadata": {
                    "operationMetadataId": "0148e91b-0fcc-481a-ae02-53da87b974fe"
                  },
                  "type": "OpenApiConnection",
                  "inputs": {
                    "parameters": {
                      "emailMessage/To": "eugene.fong@avanademw.com",
                      "emailMessage/Subject": "Account is in hold – @{triggerBody()?['text']}",
                      "emailMessage/Body": "<p>Hello,<br>\n<br>\nThe system has detected that a trade has occurred for the following account, but the account is not yet funded.<br>\n<br>\nThanks!</p>",
                      "emailMessage/Importance": "Normal"
                    },
                    "host": {
                      "apiId": "/providers/Microsoft.PowerApps/apis/shared_office365",
                      "operationId": "SendEmailV2",
                      "connectionName": "shared_office365"
                    }
                  }
                },
                "Update_item_-_Hold_for_next_day_": {
                  "runAfter": {
                    "Send_an_email_(V2)_2": [
                      "Succeeded"
                    ]
                  },
                  "metadata": {
                    "operationMetadataId": "f9ae50a7-eb3c-4ac1-b333-c9dd7a753e78"
                  },
                  "type": "OpenApiConnection",
                  "inputs": {
                    "parameters": {
                      "dataset": "https://avamw.sharepoint.com/sites/AvaMW",
                      "table": "388a46cf-ccc3-48bc-8d80-45179d839ae8",
                      "id": "@int(triggerBody()?['text_3'])",
                      "item/HoldForNextDay": true,
                      "item/RetryDate": "@addDays(utcNow(),1)"
                    },
                    "host": {
                      "apiId": "/providers/Microsoft.PowerApps/apis/shared_sharepointonline",
                      "operationId": "PatchItem",
                      "connectionName": "shared_sharepointonline"
                    }
                  }
                }
              },
              "runAfter": {
                "Compose_-_locking_data_of_adaptive_card": [
                  "Succeeded"
                ]
              },
              "else": {
                "actions": {
                  "Condition_-_Check_termination_flag_is_true": {
                    "actions": {
                      "Set_variable": {
                        "metadata": {
                          "operationMetadataId": "842fd36e-0eae-4059-ad61-c98d902b25f4"
                        },
                        "type": "SetVariable",
                        "inputs": {
                          "name": "hasHoldOrTerminationFlag",
                          "value": true
                        }
                      },
                      "Send_an_email_(V2)_-termination": {
                        "runAfter": {
                          "Set_variable": [
                            "Succeeded"
                          ]
                        },
                        "metadata": {
                          "operationMetadataId": "ab18ec1b-fe21-4092-b072-f5af32b2d15a"
                        },
                        "type": "OpenApiConnection",
                        "inputs": {
                          "parameters": {
                            "emailMessage/To": "eugene.fong@avanademw.com",
                            "emailMessage/Subject": "Termination Confirmation Required",
                            "emailMessage/Body": "<p class=\"editor-paragraph\">Hello,<br><br>A termination notice for the following account:<br><br>- SNAME: @{triggerBody()?['text']}<br>- Account Number: @{triggerBody()?['text_1']}<br>- Composite: @{triggerBody()?['text_6']}<br>- Composite Date: @{triggerBody()?['text_7']}<br><br>Please confirm the termination.<br><br>Thanks.</p><br>",
                            "emailMessage/Importance": "Normal"
                          },
                          "host": {
                            "apiId": "/providers/Microsoft.PowerApps/apis/shared_office365",
                            "operationId": "SendEmailV2",
                            "connectionName": "shared_office365"
                          }
                        }
                      }
                    },
                    "else": {
                      "actions": {
                        "Condition_-_Check_Restricted_account_flag_is_true": {
                          "actions": {
                            "Set_variable_2": {
                              "metadata": {
                                "operationMetadataId": "94bc4f8f-7bb7-4f97-b785-9ca4ecaddd06"
                              },
                              "type": "SetVariable",
                              "inputs": {
                                "name": "isRestrictedAccount",
                                "value": true
                              }
                            },
                            "Send_an_email_(V2)_-_account": {
                              "runAfter": {
                                "Set_variable_2": [
                                  "Succeeded"
                                ]
                              },
                              "metadata": {
                                "operationMetadataId": "5f24df56-8ac7-4904-808e-1ad20dc0a3ad"
                              },
                              "type": "OpenApiConnection",
                              "inputs": {
                                "parameters": {
                                  "emailMessage/To": "eugene.fong@avanademw.com",
                                  "emailMessage/Subject": "Restricted Account Detected – @{triggerBody()?['text']}",
                                  "emailMessage/Body": "<p class=\"editor-paragraph\">Hello,<br><br>A termination notice for the following account:<br><br>- SNAME: @{triggerBody()?['text']}<br>- Account Number: @{triggerBody()?['text_1']}<br>- Composite: @{triggerBody()?['text_6']}<br>- Composite Date: @{triggerBody()?['text_7']}</p><p class=\"editor-paragraph\">Please confirm the termination.<br><br>Thanks!</p><br>",
                                  "emailMessage/Importance": "Normal"
                                },
                                "host": {
                                  "apiId": "/providers/Microsoft.PowerApps/apis/shared_office365",
                                  "operationId": "SendEmailV2",
                                  "connectionName": "shared_office365"
                                }
                              }
                            }
                          },
                          "else": {
                            "actions": {
                              "Condition_-_Check_all_values_from_manual_checklist": {
                                "actions": {
                                  "Send_an_email_(V2)_3": {
                                    "metadata": {
                                      "operationMetadataId": "0f48a9ab-3f73-4651-96d5-1a9d6bdf592d"
                                    },
                                    "type": "OpenApiConnection",
                                    "inputs": {
                                      "parameters": {
                                        "emailMessage/To": "eugene.fong@avanademw.com",
                                        "emailMessage/Subject": "Ready for Processing",
                                        "emailMessage/Body": "<p>Hello,<br>\n<br>\nMove to next step.<br>\n<br>\nThanks.<br>\n</p>",
                                        "emailMessage/Importance": "Normal"
                                      },
                                      "host": {
                                        "apiId": "/providers/Microsoft.PowerApps/apis/shared_office365",
                                        "operationId": "SendEmailV2",
                                        "connectionName": "shared_office365"
                                      }
                                    }
                                  }
                                },
                                "else": {
                                  "actions": {}
                                },
                                "expression": {
                                  "equals": [
                                    "@and(\r\n  equals(toLower(body('Post_Adaptive_Card_and_wait_for_a_response_1')?['data']?['terminationNotice']), 'no'),\r\n  equals(toLower(body('Post_Adaptive_Card_and_wait_for_a_response_1')?['data']?['accountRestriction']), 'no'),\r\n  equals(toLower(body('Post_Adaptive_Card_and_wait_for_a_response_1')?['data']?['tradeOccurred']), 'no'),\r\n  equals(toLower(body('Post_Adaptive_Card_and_wait_for_a_response_1')?['data']?['funded']), 'yes')\r\n)",
                                    true
                                  ]
                                },
                                "metadata": {
                                  "operationMetadataId": "151fed88-c1f1-45ad-8e81-066db13047d7"
                                },
                                "type": "If"
                              }
                            }
                          },
                          "expression": {
                            "equals": [
                              "@toLower(coalesce(body('Post_Adaptive_Card_and_wait_for_a_response_1')?['data']?['accountRestriction'], ''))",
                              "yes"
                            ]
                          },
                          "metadata": {
                            "operationMetadataId": "2b251ffb-57fb-4563-b879-ed7b4769ef7b"
                          },
                          "type": "If"
                        }
                      }
                    },
                    "expression": {
                      "equals": [
                        "@toLower(coalesce(body('Post_Adaptive_Card_and_wait_for_a_response_1')?['data']?['terminationNotice'], ''))",
                        "yes"
                      ]
                    },
                    "metadata": {
                      "operationMetadataId": "d0a21618-aa9c-4a3b-8be5-4e22f7a71db3"
                    },
                    "type": "If"
                  },
                  "Update_item_-_Processing_stage": {
                    "runAfter": {
                      "Condition_-_Check_termination_flag_is_true": [
                        "Succeeded"
                      ]
                    },
                    "metadata": {
                      "operationMetadataId": "99616dd3-639b-443e-99a2-377b9c52a5b2"
                    },
                    "type": "OpenApiConnection",
                    "inputs": {
                      "parameters": {
                        "dataset": "https://avamw.sharepoint.com/sites/AvaMW",
                        "table": "388a46cf-ccc3-48bc-8d80-45179d839ae8",
                        "id": "@int(triggerBody()?['text_3'])",
                        "item/Status/Value": "Processing Stage",
                        "item/HoldForNextDay": false,
                        "item/Personar/Value": "PCG Implementation"
                      },
                      "host": {
                        "apiId": "/providers/Microsoft.PowerApps/apis/shared_sharepointonline",
                        "operationId": "PatchItem",
                        "connectionName": "shared_sharepointonline"
                      }
                    }
                  },
                  "Compose_-_Multimodel_Input_Json": {
                    "runAfter": {
                      "Update_item_-_Processing_stage": [
                        "Succeeded"
                      ]
                    },
                    "metadata": {
                      "operationMetadataId": "f118eafc-256d-480f-ac7a-bb5210a548a5"
                    },
                    "type": "Compose",
                    "inputs": {
                      "SNAME": "@{triggerBody()?['text']}",
                      "AccountNumber": "@{triggerBody()?['text_1']}",
                      "EstimateValue": "@{triggerBody()?['text_2']}",
                      "Style": "@{triggerBody()?['text_4']}",
                      "AccountBalance": "@{triggerBody()?['text_5']}",
                      "Composite": "@{triggerBody()?['text_6']}",
                      "CompositeDate": "@{triggerBody()?['text_7']}",
                      "isRestrictedAccount": "@{variables('isRestrictedAccount')}",
                      "hasHoldOrTerminationFlag": "@{variables('hasHoldOrTerminationFlag')}"
                    }
                  },
                  "Multi_model_agent_output": {
                    "runAfter": {
                      "Compose_-_Multimodel_Input_Json": [
                        "Succeeded"
                      ]
                    },
                    "metadata": {
                      "operationMetadataId": "0fd78a24-6750-4d7a-82fc-25c94a5922ba"
                    },
                    "type": "Compose",
                    "inputs": {
                      "SNAME": "TRUST3",
                      "Account Number": "77019504",
                      "Estimate Value": "175615.73",
                      "Style": "FLCC",
                      "AccountBalance": "1500000",
                      "Composite": "FLCCWE",
                      "Composite Date": "10/31/25",
                      "Memo": "Test",
                      "DESKBRK": "Test"
                    }
                  },
                  "Parse_JSON_of_payload": {
                    "runAfter": {
                      "Multi_model_agent_output": [
                        "Succeeded"
                      ]
                    },
                    "metadata": {
                      "operationMetadataId": "daf5be98-3b19-4b6a-bbcd-375da73afefe"
                    },
                    "type": "ParseJson",
                    "inputs": {
                      "content": "@outputs('Multi_model_agent_output')",
                      "schema": {
                        "type": "object",
                        "properties": {
                          "type": {
                            "type": "string"
                          },
                          "properties": {
                            "type": "object",
                            "properties": {
                              "type": {
                                "type": "object",
                                "properties": {
                                  "type": {
                                    "type": "string"
                                  }
                                }
                              },
                              "properties": {
                                "type": "object",
                                "properties": {
                                  "type": {
                                    "type": "string"
                                  },
                                  "properties": {
                                    "type": "object",
                                    "properties": {
                                      "SNAME": {
                                        "type": "object",
                                        "properties": {
                                          "type": {
                                            "type": "string"
                                          },
                                          "properties": {
                                            "type": "object",
                                            "properties": {
                                              "type": {
                                                "type": "object",
                                                "properties": {
                                                  "type": {
                                                    "type": "string"
                                                  }
                                                }
                                              }
                                            }
                                          }
                                        }
                                      },
                                      "Account Number": {
                                        "type": "object",
                                        "properties": {
                                          "type": {
                                            "type": "string"
                                          },
                                          "properties": {
                                            "type": "object",
                                            "properties": {
                                              "type": {
                                                "type": "object",
                                                "properties": {
                                                  "type": {
                                                    "type": "string"
                                                  }
                                                }
                                              }
                                            }
                                          }
                                        }
                                      },
                                      "Estimate Value": {
                                        "type": "object",
                                        "properties": {
                                          "type": {
                                            "type": "string"
                                          },
                                          "properties": {
                                            "type": "object",
                                            "properties": {
                                              "type": {
                                                "type": "object",
                                                "properties": {
                                                  "type": {
                                                    "type": "string"
                                                  }
                                                }
                                              }
                                            }
                                          }
                                        }
                                      },
                                      "Style": {
                                        "type": "object",
                                        "properties": {
                                          "type": {
                                            "type": "string"
                                          },
                                          "properties": {
                                            "type": "object",
                                            "properties": {
                                              "type": {
                                                "type": "object",
                                                "properties": {
                                                  "type": {
                                                    "type": "string"
                                                  }
                                                }
                                              }
                                            }
                                          }
                                        }
                                      },
                                      "AccountBalance": {
                                        "type": "object",
                                        "properties": {
                                          "type": {
                                            "type": "string"
                                          },
                                          "properties": {
                                            "type": "object",
                                            "properties": {
                                              "type": {
                                                "type": "object",
                                                "properties": {
                                                  "type": {
                                                    "type": "string"
                                                  }
                                                }
                                              }
                                            }
                                          }
                                        }
                                      },
                                      "Composite": {
                                        "type": "object",
                                        "properties": {
                                          "type": {
                                            "type": "string"
                                          },
                                          "properties": {
                                            "type": "object",
                                            "properties": {
                                              "type": {
                                                "type": "object",
                                                "properties": {
                                                  "type": {
                                                    "type": "string"
                                                  }
                                                }
                                              }
                                            }
                                          }
                                        }
                                      },
                                      "Composite Date": {
                                        "type": "object",
                                        "properties": {
                                          "type": {
                                            "type": "string"
                                          },
                                          "properties": {
                                            "type": "object",
                                            "properties": {
                                              "type": {
                                                "type": "object",
                                                "properties": {
                                                  "type": {
                                                    "type": "string"
                                                  }
                                                }
                                              }
                                            }
                                          }
                                        }
                                      },
                                      "Memo": {
                                        "type": "object",
                                        "properties": {
                                          "type": {
                                            "type": "string"
                                          },
                                          "properties": {
                                            "type": "object",
                                            "properties": {
                                              "type": {
                                                "type": "object",
                                                "properties": {
                                                  "type": {
                                                    "type": "string"
                                                  }
                                                }
                                              }
                                            }
                                          }
                                        }
                                      },
                                      "DESKBRK": {
                                        "type": "object",
                                        "properties": {
                                          "type": {
                                            "type": "string"
                                          },
                                          "properties": {
                                            "type": "object",
                                            "properties": {
                                              "type": {
                                                "type": "object",
                                                "properties": {
                                                  "type": {
                                                    "type": "string"
                                                  }
                                                }
                                              }
                                            }
                                          }
                                        }
                                      }
                                    }
                                  }
                                }
                              }
                            }
                          }
                        }
                      }
                    }
                  },
                  "Update_item_-_Handover_stage": {
                    "runAfter": {
                      "Parse_JSON_of_payload": [
                        "Succeeded"
                      ]
                    },
                    "metadata": {
                      "operationMetadataId": "99616dd3-639b-443e-99a2-377b9c52a5b2"
                    },
                    "type": "OpenApiConnection",
                    "inputs": {
                      "parameters": {
                        "dataset": "https://avamw.sharepoint.com/sites/AvaMW",
                        "table": "388a46cf-ccc3-48bc-8d80-45179d839ae8",
                        "id": "@int(triggerBody()?['text_3'])",
                        "item/Status/Value": "Handover Stage",
                        "item/HoldForNextDay": false,
                        "item/Personar/Value": "PCG Implementation"
                      },
                      "host": {
                        "apiId": "/providers/Microsoft.PowerApps/apis/shared_sharepointonline",
                        "operationId": "PatchItem",
                        "connectionName": "shared_sharepointonline"
                      }
                    }
                  },
                  "Create_file": {
                    "runAfter": {
                      "Compose_–_Folder_Path": [
                        "Succeeded"
                      ]
                    },
                    "metadata": {
                      "operationMetadataId": "a5c524d8-bdb2-484f-aed5-d2340881c6b3"
                    },
                    "type": "OpenApiConnection",
                    "inputs": {
                      "parameters": {
                        "dataset": "https://avamw.sharepoint.com/sites/AvaMW",
                        "folderPath": "@outputs('Compose_–_Folder_Path')",
                        "name": "AccountSummary.docx",
                        "body": "@body('Populate_a_Microsoft_Word_template')"
                      },
                      "host": {
                        "apiId": "/providers/Microsoft.PowerApps/apis/shared_sharepointonline",
                        "operationId": "CreateFile",
                        "connectionName": "shared_sharepointonline"
                      }
                    },
                    "runtimeConfiguration": {
                      "contentTransfer": {
                        "transferMode": "Chunked"
                      }
                    }
                  },
                  "Populate_a_Microsoft_Word_template": {
                    "runAfter": {
                      "Update_item_-_Handover_stage": [
                        "Succeeded"
                      ]
                    },
                    "metadata": {
                      "01EXDTL7ERH7JLY34RGBD33T4WPGXF6KDL": "/PendingAccountTemplate1.docx",
                      "operationMetadataId": "8f1d71ee-215c-44a2-8dec-22a18506841c",
                      "01EXDTL7E5QFSQTSWCVZBZTJRQ7OYKR4NB": "/PendingAccountTemplate.docx"
                    },
                    "type": "OpenApiConnection",
                    "inputs": {
                      "parameters": {
                        "source": "sites/avamw.sharepoint.com,15ac0a62-9c49-472b-b8fb-ea25c0ec3b07,ec887917-4d40-4092-9cc9-d21d9a5fd9c2",
                        "drive": "b!YgqsFUmcK0e4--olwOw7Bxd5iOxATZJAnMnSHZpf2cLav3zpuJH7SJpLyLIYSdmH",
                        "file": "01EXDTL7E5QFSQTSWCVZBZTJRQ7OYKR4NB",
                        "dynamicFileSchema/151104690": "@body('Parse_JSON_of_payload')?['Estimate Value']",
                        "dynamicFileSchema/658271591": "@body('Parse_JSON_of_payload')?['Memo']",
                        "dynamicFileSchema/1072783768": "@body('Parse_JSON_of_payload')?['Composite']",
                        "dynamicFileSchema/1765345609": "@body('Parse_JSON_of_payload')?['Style']",
                        "dynamicFileSchema/-1655750127": "@body('Parse_JSON_of_payload')?['SNAME']",
                        "dynamicFileSchema/-291987673": "@body('Parse_JSON_of_payload')?['Account Number']",
                        "dynamicFileSchema/-992399932": "@body('Parse_JSON_of_payload')?['AccountBalance']",
                        "dynamicFileSchema/-706016129": "@body('Parse_JSON_of_payload')?['Composite Date']"
                      },
                      "host": {
                        "apiId": "/providers/Microsoft.PowerApps/apis/shared_wordonlinebusiness",
                        "operationId": "CreateFileItem",
                        "connectionName": "shared_wordonlinebusiness"
                      }
                    }
                  },
                  "Send_an_email_(V2)_4_-_PCG_Trades_begins": {
                    "runAfter": {
                      "Create_file": [
                        "Succeeded"
                      ]
                    },
                    "metadata": {
                      "operationMetadataId": "f46e8436-a2e6-4c71-91e4-7c237db0d2a0"
                    },
                    "type": "OpenApiConnection",
                    "inputs": {
                      "parameters": {
                        "emailMessage/To": "eugene.fong@avanademw.com",
                        "emailMessage/Subject": "PCG Traders begins for @{body('Parse_JSON_of_payload')?['SNAME']}",
                        "emailMessage/Body": "<p class=\"editor-paragraph\">Hello,<br><br>PCG implementation process is completed. PCG traders begins in next stage<br><br><b><strong class=\"editor-text-bold\">SNAME</strong></b> : @{body('Parse_JSON_of_payload')?['SNAME']}<br><b><strong class=\"editor-text-bold\">Account</strong></b> <b><strong class=\"editor-text-bold\">Number</strong></b> : @{body('Parse_JSON_of_payload')?['Account Number']}<br><b><strong class=\"editor-text-bold\">Estimate</strong></b> <b><strong class=\"editor-text-bold\">Value</strong></b> : @{body('Parse_JSON_of_payload')?['Estimate Value']}<br><b><strong class=\"editor-text-bold\">Style</strong></b> : @{body('Parse_JSON_of_payload')?['Style']}<br><b><strong class=\"editor-text-bold\">Account</strong></b> <b><strong class=\"editor-text-bold\">Balance</strong></b> : @{body('Parse_JSON_of_payload')?['AccountBalance']}<br><b><strong class=\"editor-text-bold\">Composite</strong></b> : @{body('Parse_JSON_of_payload')?['Composite']}<br><b><strong class=\"editor-text-bold\">Composite</strong></b> <b><strong class=\"editor-text-bold\">Date</strong></b> : @{body('Parse_JSON_of_payload')?['Composite Date']}<br><b><strong class=\"editor-text-bold\">Memo</strong></b> : @{body('Parse_JSON_of_payload')?['Memo']}<br><b><strong class=\"editor-text-bold\">DESKBRK</strong></b> : @{body('Parse_JSON_of_payload')?['DESKBRK']}<br><br>Please review the document present in the folder: <a href=\"https://avamw.sharepoint.com/sites/AvaMW/@{triggerBody()?['text_8']}\" class=\"editor-link\">Pending_Account_Details</a></p><p class=\"editor-paragraph\">Thanks!</p>",
                        "emailMessage/Attachments": [
                          {
                            "Name": "AccountSummary.docx",
                            "ContentBytes": "@body('Populate_a_Microsoft_Word_template')"
                          }
                        ],
                        "emailMessage/Importance": "Normal"
                      },
                      "host": {
                        "apiId": "/providers/Microsoft.PowerApps/apis/shared_office365",
                        "operationId": "SendEmailV2",
                        "connectionName": "shared_office365"
                      }
                    }
                  },
                  "Compose_–_Folder_Path": {
                    "runAfter": {
                      "Populate_a_Microsoft_Word_template": [
                        "Succeeded"
                      ]
                    },
                    "metadata": {
                      "operationMetadataId": "2452d11f-1f3d-4b84-a54c-6d47388137df"
                    },
                    "type": "Compose",
                    "inputs": "@concat(triggerBody()?['text_8'],'/Portfolio_Optimization_Agent_Output')"
                  }
                }
              },
              "expression": {
                "equals": [
                  "@and(\r\n  equals(toLower(body('Post_Adaptive_Card_and_wait_for_a_response_1')?['data']?['tradeOccurred']), 'yes'),\r\n  equals(toLower(body('Post_Adaptive_Card_and_wait_for_a_response_1')?['data']?['funded']), 'no')\r\n)",
                  true
                ]
              },
              "metadata": {
                "operationMetadataId": "0a7ced47-b5f7-42be-aa2b-a4fbc7a9ca0f"
              },
              "type": "If"
            }
          },
          "runAfter": {
            "Update_item_-_validation_stage": [
              "Succeeded"
            ]
          },
          "else": {
            "actions": {
              "Send_an_email_(V2)": {
                "metadata": {
                  "operationMetadataId": "090cf8b9-81c0-4585-abcb-0a6365e8d222"
                },
                "type": "OpenApiConnection",
                "inputs": {
                  "parameters": {
                    "emailMessage/To": "eugene.fong@avanademw.com",
                    "emailMessage/Subject": "PCG Implementation Request Rejected",
                    "emailMessage/Body": "<p>Hello,<br>\n<br>\nYour PCG Implementation has been rejected.<br>\n<br>\nThanks!</p>",
                    "emailMessage/Importance": "Normal"
                  },
                  "host": {
                    "apiId": "/providers/Microsoft.PowerApps/apis/shared_office365",
                    "operationId": "SendEmailV2",
                    "connectionName": "shared_office365"
                  }
                }
              }
            }
          },
          "expression": {
            "equals": [
              "@outputs('Start_and_wait_for_an_approval')?['body/outcome']",
              "Approve"
            ]
          },
          "metadata": {
            "operationMetadataId": "660c275b-10ad-4461-a308-58018b33e30c"
          },
          "type": "If"
        },
        "Initialize_variable_-_create_folder": {
          "runAfter": {
            "Initialize_variable_2": [
              "Succeeded"
            ]
          },
          "metadata": {
            "operationMetadataId": "bcb07842-bc12-4b6b-b116-3035738981c9"
          },
          "type": "InitializeVariable",
          "inputs": {
            "variables": [
              {
                "name": "VarFolderName",
                "type": "string",
                "value": "@concat(formatDateTime(utcNow(), 'yyyy-MM-dd'), '_new pending account')\r\n"
              }
            ]
          }
        },
        "Compose_2_-_SubFolderName": {
          "runAfter": {
            "Initialize_variable_-_create_folder": [
              "Succeeded"
            ]
          },
          "metadata": {
            "operationMetadataId": "d70bb12b-6cbc-4c74-abb0-99b68c005921"
          },
          "type": "Compose",
          "inputs": "@concat('Pending Account details_', formatDateTime(utcNow(), 'yyyyMMdd_HHmmss'))\r\n"
        },
        "Initialize_variable_-_outputfolder": {
          "runAfter": {
            "Compose_2_-_SubFolderName": [
              "Succeeded"
            ]
          },
          "type": "InitializeVariable",
          "inputs": {
            "variables": [
              {
                "name": "varoutputfolder",
                "type": "string",
                "value": "/Mail Attachments/PendingAccount_Excel/@{variables('VarFolderName')}"
              }
            ]
          }
        }
      }
    },
    "templateName": null
  },
  "schemaVersion": "1.0.0.0"
}