{
  "properties": {
    "connectionReferences": {
      "shared_sharepointonline": {
        "runtimeSource": "embedded",
        "connection": {
          "connectionReferenceLogicalName": "cr705_sharedsharepointonline_10e05"
        },
        "api": {
          "name": "shared_sharepointonline"
        }
      },
      "shared_azureblob-1": {
        "runtimeSource": "embedded",
        "connection": {
          "connectionReferenceLogicalName": "cr705_sharedazureblob_10790"
        },
        "api": {
          "name": "shared_azureblob"
        }
      },
      "shared_office365": {
        "runtimeSource": "embedded",
        "connection": {
          "connectionReferenceLogicalName": "cr705_sharedoffice365_57163"
        },
        "api": {
          "name": "shared_office365"
        }
      },
      "shared_office365-1": {
        "runtimeSource": "embedded",
        "connection": {
          "connectionReferenceLogicalName": "cr705_sharedoffice365_15cd7"
        },
        "api": {
          "name": "shared_office365"
        }
      }
    },
    "definition": {
      "$schema": "https://schema.management.azure.com/providers/Microsoft.Logic/schemas/2016-06-01/workflowdefinition.json#",
      "contentVersion": "1.0.0.0",
      "parameters": {
        "$authentication": {
          "defaultValue": {},
          "type": "SecureObject"
        },
        "$connections": {
          "defaultValue": {},
          "type": "Object"
        },
        "SharepointListName (cr705_SharepointListName)": {
          "defaultValue": "APL Pending Accounts",
          "type": "String",
          "metadata": {
            "schemaName": "cr705_SharepointListName"
          }
        },
        "SharepointUrl (cr705_SharepointUrl)": {
          "defaultValue": "https://avamw.sharepoint.com/sites/AvaMW",
          "type": "String",
          "metadata": {
            "schemaName": "cr705_SharepointUrl"
          }
        },
        "PCGTraderEmail (cr705_PCGTraderEmail)": {
          "defaultValue": "eugene.fong@avanademw.com",
          "type": "String",
          "metadata": {
            "schemaName": "cr705_PCGTraderEmail"
          }
        },
        "PendingAccountFolderPath (cr705_FolderPath)": {
          "defaultValue": "/Mail Attachments/PendingAccount_Excel/",
          "type": "String",
          "metadata": {
            "schemaName": "cr705_FolderPath",
            "description": "Base SharePoint folder path for Pending Account Excel files."
          }
        },
        "PCGTraderOutputFolder (cr705_PCGTraderOutputFolder)": {
          "defaultValue": "Trader_Agent_Output",
          "type": "String",
          "metadata": {
            "schemaName": "cr705_PCGTraderOutputFolder"
          }
        },
        "MailAttachmentsLibrary (cr705_MailAttachmentsLibrary)": {
          "defaultValue": "Mail Attachments",
          "type": "String",
          "metadata": {
            "schemaName": "cr705_MailAttachmentsLibrary",
            "description": "Stores the SharePoint folder name where email attachments are saved."
          }
        },
        "AzureStoreAccountName (cr705_AzureStoreAccountName)": {
          "defaultValue": "uiagentautomationsa",
          "type": "String",
          "metadata": {
            "schemaName": "cr705_AzureStoreAccountName"
          }
        },
        "ReactDashboard (cr705_ReactDashboard)": {
          "defaultValue": "https://sma-equity-dashboard-f8djhhcbcdfeh9e3.canadaeast-01.azurewebsites.net/",
          "type": "String",
          "metadata": {
            "schemaName": "cr705_ReactDashboard"
          }
        },
        "PCGTradersQCAgentID (cr705_PCGTradersQCAgentID)": {
          "defaultValue": "asst_vAfvCZzyONH87T9s7mEP7kXA",
          "type": "String",
          "metadata": {
            "schemaName": "cr705_PCGTradersQCAgentID"
          }
        },
        "PCGTradersAPLScreenshotFolder (cr705_PCGTradersAPLScreenshotFolder)": {
          "defaultValue": "Trader_Agent_Screenshot",
          "type": "String",
          "metadata": {
            "schemaName": "cr705_PCGTradersAPLScreenshotFolder"
          }
        },
        "ThresholdValueForPCGTrader (cr705_ThresholdValueForPCGTrader)": {
          "defaultValue": "0.7",
          "type": "String",
          "metadata": {
            "schemaName": "cr705_ThresholdValueForPCGTrader"
          }
        }
      },
      "triggers": {
        "manual": {
          "metadata": {
            "operationMetadataId": "205e22cb-9a07-4041-9965-45fc2ae79c32"
          },
          "type": "Request",
          "kind": "Button",
          "inputs": {
            "schema": {
              "type": "object",
              "properties": {
                "text": {
                  "title": "SNAME",
                  "type": "string",
                  "x-ms-dynamically-added": true,
                  "description": "Please enter your input",
                  "x-ms-content-hint": "TEXT"
                },
                "text_1": {
                  "title": "AccountNumber",
                  "type": "string",
                  "x-ms-dynamically-added": true,
                  "description": "Please enter your input",
                  "x-ms-content-hint": "TEXT"
                },
                "text_2": {
                  "title": "EstimateValue",
                  "type": "string",
                  "x-ms-dynamically-added": true,
                  "description": "Please enter your input",
                  "x-ms-content-hint": "TEXT"
                },
                "text_3": {
                  "title": "id",
                  "type": "string",
                  "x-ms-dynamically-added": true,
                  "description": "Please enter your input",
                  "x-ms-content-hint": "TEXT"
                },
                "text_4": {
                  "title": "Style",
                  "type": "string",
                  "x-ms-dynamically-added": true,
                  "description": "Please enter your input",
                  "x-ms-content-hint": "TEXT"
                },
                "text_5": {
                  "title": "AccountBalance",
                  "type": "string",
                  "x-ms-dynamically-added": true,
                  "description": "Please enter your input",
                  "x-ms-content-hint": "TEXT"
                },
                "text_6": {
                  "title": "Composite",
                  "type": "string",
                  "x-ms-dynamically-added": true,
                  "description": "Please enter your input",
                  "x-ms-content-hint": "TEXT"
                },
                "text_7": {
                  "title": "CompositeDate",
                  "type": "string",
                  "x-ms-dynamically-added": true,
                  "description": "Please enter your input",
                  "x-ms-content-hint": "TEXT"
                },
                "text_8": {
                  "title": "URL",
                  "type": "string",
                  "x-ms-dynamically-added": true,
                  "description": "Please enter your input",
                  "x-ms-content-hint": "TEXT"
                },
                "text_9": {
                  "description": "Please enter your input",
                  "title": "Memo",
                  "type": "string",
                  "x-ms-content-hint": "TEXT",
                  "x-ms-dynamically-added": true
                },
                "text_10": {
                  "description": "Please enter your input",
                  "title": "DESBRK",
                  "type": "string",
                  "x-ms-content-hint": "TEXT",
                  "x-ms-dynamically-added": true
                },
                "text_11": {
                  "description": "Please enter your input",
                  "title": "Subfolder",
                  "type": "string",
                  "x-ms-content-hint": "TEXT",
                  "x-ms-dynamically-added": true
                }
              },
              "required": [
                "text",
                "text_1",
                "text_2",
                "text_3",
                "text_4",
                "text_5",
                "text_6",
                "text_7",
                "text_8",
                "text_9",
                "text_10",
                "text_11"
              ]
            }
          }
        }
      },
      "actions": {
        "Respond_to_a_Power_App_or_flow": {
          "runAfter": {
            "Scope_-_Processing_Stage": [
              "Succeeded"
            ]
          },
          "metadata": {
            "operationMetadataId": "79642567-2ea7-402f-9086-5257340f2c54"
          },
          "type": "Response",
          "kind": "PowerApp",
          "inputs": {
            "schema": {
              "type": "object",
              "properties": {
                "approvalresult": {
                  "title": "ApprovalResult",
                  "x-ms-dynamically-added": true,
                  "type": "string"
                }
              },
              "additionalProperties": {}
            },
            "statusCode": 200,
            "body": {
              "approvalresult": "Approved"
            }
          }
        },
        "Initialize_variable_-_create_folder": {
          "runAfter": {},
          "metadata": {
            "operationMetadataId": "bcb07842-bc12-4b6b-b116-3035738981c9"
          },
          "type": "InitializeVariable",
          "inputs": {
            "variables": [
              {
                "name": "VarFolderName",
                "type": "string",
                "value": "@concat(formatDateTime(utcNow(), 'yyyy-MM-dd'), '_new pending account')\r\n"
              }
            ]
          }
        },
        "Compose_2_-_SubFolderName": {
          "runAfter": {
            "Initialize_variable_-_create_folder": [
              "Succeeded"
            ]
          },
          "metadata": {
            "operationMetadataId": "d70bb12b-6cbc-4c74-abb0-99b68c005921"
          },
          "type": "Compose",
          "inputs": "@concat('Pending Account details_', formatDateTime(utcNow(), 'yyyyMMdd_HHmmss'))\r\n"
        },
        "Initialize_variable_-_outputfolder": {
          "runAfter": {
            "Compose_2_-_SubFolderName": [
              "Succeeded"
            ]
          },
          "metadata": {
            "operationMetadataId": "67f20b82-0006-4254-97f9-e410a3321cbf"
          },
          "type": "InitializeVariable",
          "inputs": {
            "variables": [
              {
                "name": "varoutputfolder",
                "type": "string",
                "value": "@concat(parameters('PendingAccountFolderPath (cr705_FolderPath)'), variables('VarFolderName'))"
              }
            ]
          }
        },
        "Scope_-_Processing_Stage": {
          "actions": {
            "Compose_-_Multimodel_Input_Json": {
              "runAfter": {
                "Compose_-_full_path_of_Screenshot_folder": [
                  "Succeeded"
                ]
              },
              "metadata": {
                "operationMetadataId": "f118eafc-256d-480f-ac7a-bb5210a548a5"
              },
              "type": "Compose",
              "inputs": {
                "SNAME": "@{triggerBody()?['text']}",
                "AccountNumber": "@{triggerBody()?['text_1']}",
                "EstimateValue": "@{triggerBody()?['text_2']}",
                "Style": "@{triggerBody()?['text_4']}",
                "AccountBalance": "@{triggerBody()?['text_5']}",
                "Composite": "@{triggerBody()?['text_6']}",
                "CompositeDate": "@{triggerBody()?['text_7']}",
                "Memo": "@{triggerBody()?['text_9']}",
                "DESBRK": "@{triggerBody()?['text_10']}@{triggerBody()?['text_10']}",
                "PCGTraderscreenshotFolderPath": ""
              }
            },
            "Multi_model_agent_output": {
              "runAfter": {
                "Compose_-_Multimodel_Input_Json": [
                  "Succeeded"
                ]
              },
              "metadata": {
                "operationMetadataId": "0fd78a24-6750-4d7a-82fc-25c94a5922ba"
              },
              "type": "Compose",
              "inputs": {
                "SNAME": "@{triggerBody()?['text']}",
                "Account Number": "@{triggerBody()?['text_1']}",
                "Estimate Value": "@{triggerBody()?['text_5']}",
                "Style": "FLCC",
                "AccountBalance": "@{triggerBody()?['text_5']}",
                "Composite": "FLCCWE",
                "Composite Date": "10/31/25",
                "Memo": "",
                "DESBRK": "JPM",
                "ExecutionReporturl": "https://uiagentautomationsa.blob.core.windows.net/pcg-traders-documents-retail/Final_Block.png?sp=r&st=2025-12-10T07:34:44Z&se=2025-12-10T15:49:44Z&spr=https&sv=2024-11-04&sr=b&sig=O%2FOx%2B6cRqwqiUqDI6HxlUwqZEo85tmgY4387hUU0NDs%3D",
                "PCGTradersScreenshotFolderPath": [
                  "https://uiagentautomationsa.blob.core.windows.net/pcg-traders-screenshots-retail/PCG_Traders_Block_Status.png?sp=r&st=2025-11-24T13:03:44Z&se=2025-11-24T21:18:44Z&spr=https&sv=2024-11-04&sr=b&sig=zdzvvT8MB9237Zx4xaBPaKgZS4RSMp7QuUqZvQctwVI%3D"
                ]
              }
            },
            "Parse_JSON_of_payload": {
              "runAfter": {
                "Multi_model_agent_output": [
                  "Succeeded"
                ]
              },
              "metadata": {
                "operationMetadataId": "daf5be98-3b19-4b6a-bbcd-375da73afefe"
              },
              "type": "ParseJson",
              "inputs": {
                "content": "@outputs('Multi_model_agent_output')",
                "schema": {
                  "type": "object",
                  "properties": {
                    "SNAME": {
                      "type": "string"
                    },
                    "Account Number": {
                      "type": "string"
                    },
                    "Estimate Value": {
                      "type": "string"
                    },
                    "Style": {
                      "type": "string"
                    },
                    "AccountBalance": {
                      "type": "string"
                    },
                    "Composite": {
                      "type": "string"
                    },
                    "Composite Date": {
                      "type": "string"
                    },
                    "Memo": {
                      "type": "string"
                    },
                    "DESBRK": {
                      "type": "string"
                    },
                    "ExecutionReporturl": {
                      "type": "string"
                    },
                    "PCGTradersScreenshotFolderPath": {
                      "type": "array",
                      "items": {
                        "type": "string"
                      }
                    }
                  }
                }
              }
            },
            "Create_new_folder_-_PCG_Trader_Output": {
              "runAfter": {
                "Compose_-_full_path": [
                  "Succeeded"
                ]
              },
              "metadata": {
                "operationMetadataId": "279c7d96-8e66-4490-8f35-11626598b0c1"
              },
              "type": "OpenApiConnection",
              "inputs": {
                "parameters": {
                  "dataset": "@parameters('SharepointUrl (cr705_SharepointUrl)')",
                  "table": "@parameters('MailAttachmentsLibrary (cr705_MailAttachmentsLibrary)')",
                  "parameters/path": "@{outputs('Compose_-_full_path')}/@{parameters('PCGTraderOutputFolder (cr705_PCGTraderOutputFolder)')}/@{parameters('PCGTradersAPLScreenshotFolder (cr705_PCGTradersAPLScreenshotFolder)')}"
                },
                "host": {
                  "apiId": "/providers/Microsoft.PowerApps/apis/shared_sharepointonline",
                  "operationId": "CreateNewFolder",
                  "connectionName": "shared_sharepointonline"
                }
              }
            },
            "Update_item_-_Processing_stage": {
              "metadata": {
                "operationMetadataId": "99616dd3-639b-443e-99a2-377b9c52a5b2"
              },
              "type": "OpenApiConnection",
              "inputs": {
                "parameters": {
                  "dataset": "@parameters('SharepointUrl (cr705_SharepointUrl)')",
                  "table": "@parameters('SharepointListName (cr705_SharepointListName)')",
                  "id": "@int(triggerBody()?['text_3'])",
                  "item/Status/Value": "Processing Stage",
                  "item/Personar/Value": "PCG Traders"
                },
                "host": {
                  "apiId": "/providers/Microsoft.PowerApps/apis/shared_sharepointonline",
                  "operationId": "PatchItem",
                  "connectionName": "shared_sharepointonline"
                }
              }
            },
            "Get_Blob_Metadata_for_PCG_Traders_document_using_path_(V2)": {
              "runAfter": {
                "Parse_JSON_of_payload": [
                  "Succeeded"
                ]
              },
              "metadata": {
                "operationMetadataId": "f9253e7e-f722-4e84-a2c2-9b7b17d78bb7"
              },
              "type": "OpenApiConnection",
              "inputs": {
                "parameters": {
                  "dataset": "@parameters('AzureStoreAccountName (cr705_AzureStoreAccountName)')",
                  "path": "@last(split(split(body('Parse_JSON_of_payload')?['ExecutionReporturl'], '?')[0], '.net/'))"
                },
                "host": {
                  "apiId": "/providers/Microsoft.PowerApps/apis/shared_azureblob",
                  "operationId": "GetFileMetadataByPath_V2",
                  "connectionName": "shared_azureblob-1"
                }
              }
            },
            "Get_blob_content__for_PCG_Traders_document_using_path_(V2)": {
              "runAfter": {
                "Get_Blob_Metadata_for_PCG_Traders_document_using_path_(V2)": [
                  "Succeeded"
                ]
              },
              "metadata": {
                "operationMetadataId": "60c3eade-30c2-4c95-b7fc-b5c85ed7990a"
              },
              "type": "OpenApiConnection",
              "inputs": {
                "parameters": {
                  "dataset": "@parameters('AzureStoreAccountName (cr705_AzureStoreAccountName)')",
                  "path": "@last(split(split(body('Parse_JSON_of_payload')?['ExecutionReporturl'], '?')[0], '.net/'))",
                  "inferContentType": true
                },
                "host": {
                  "apiId": "/providers/Microsoft.PowerApps/apis/shared_azureblob",
                  "operationId": "GetFileContentByPath_V2",
                  "connectionName": "shared_azureblob-1"
                }
              }
            },
            "Create_file_for_PCG_Traders_document": {
              "runAfter": {
                "Get_blob_content__for_PCG_Traders_document_using_path_(V2)": [
                  "Succeeded"
                ]
              },
              "metadata": {
                "operationMetadataId": "86ded04a-d97a-48e0-8e27-ceac1ca4fd56"
              },
              "type": "OpenApiConnection",
              "inputs": {
                "parameters": {
                  "dataset": "@parameters('SharepointUrl (cr705_SharepointUrl)')",
                  "folderPath": "@outputs('Create_new_folder_-_PCG_Trader_Output')?['body/{Path}']",
                  "name": "@outputs('Get_Blob_Metadata_for_PCG_Traders_document_using_path_(V2)')?['body/Name']",
                  "body": "@body('Get_blob_content__for_PCG_Traders_document_using_path_(V2)')"
                },
                "host": {
                  "apiId": "/providers/Microsoft.PowerApps/apis/shared_sharepointonline",
                  "operationId": "CreateFile",
                  "connectionName": "shared_sharepointonline"
                }
              },
              "runtimeConfiguration": {
                "contentTransfer": {
                  "transferMode": "Chunked"
                }
              }
            },
            "Update_execution_document_url_for_the_item": {
              "runAfter": {
                "Create_file_for_PCG_Traders_document": [
                  "Succeeded"
                ]
              },
              "metadata": {
                "operationMetadataId": "c7007644-85b0-4bc0-bb20-62c7395e6078"
              },
              "type": "OpenApiConnection",
              "inputs": {
                "parameters": {
                  "dataset": "@parameters('SharepointUrl (cr705_SharepointUrl)')",
                  "table": "@parameters('SharepointListName (cr705_SharepointListName)')",
                  "id": "@int(triggerBody()?['text_3'])",
                  "item/PCGTradersDocumentURL": "@concat(parameters('SharepointUrl (cr705_SharepointUrl)'),outputs('Create_file_for_PCG_Traders_document')?['body/Path'])",
                  "item/IsPCGTradersApproved": false
                },
                "host": {
                  "apiId": "/providers/Microsoft.PowerApps/apis/shared_sharepointonline",
                  "operationId": "PatchItem",
                  "connectionName": "shared_sharepointonline"
                }
              }
            },
            "Apply_to_each_PCG_Traders_Screenshots": {
              "foreach": "@body('Parse_JSON_of_payload')?['PCGTradersScreenshotFolderPath']",
              "actions": {
                "Get_blob_content_for_PCG_Traders_screenshots_using_path_(V2)": {
                  "metadata": {
                    "operationMetadataId": "87ac6b7e-ff03-4f7a-9f62-4f11da909e10"
                  },
                  "type": "OpenApiConnection",
                  "inputs": {
                    "parameters": {
                      "dataset": "@parameters('AzureStoreAccountName (cr705_AzureStoreAccountName)')",
                      "path": "@last(split(split(items('Apply_to_each_PCG_Traders_Screenshots'), '?')[0], '.net/'))",
                      "inferContentType": true
                    },
                    "host": {
                      "apiId": "/providers/Microsoft.PowerApps/apis/shared_azureblob",
                      "operationId": "GetFileContentByPath_V2",
                      "connectionName": "shared_azureblob-1"
                    }
                  }
                },
                "Get_Blob_Metadata_for_PCG_Traders_screenshots_using_path_(V2)": {
                  "runAfter": {
                    "Get_blob_content_for_PCG_Traders_screenshots_using_path_(V2)": [
                      "Succeeded"
                    ]
                  },
                  "metadata": {
                    "operationMetadataId": "76939304-5a5d-43fe-867f-9c88b67429a6"
                  },
                  "type": "OpenApiConnection",
                  "inputs": {
                    "parameters": {
                      "dataset": "@parameters('AzureStoreAccountName (cr705_AzureStoreAccountName)')",
                      "path": "@last(split(split(items('Apply_to_each_PCG_Traders_Screenshots'), '?')[0], '.net/'))"
                    },
                    "host": {
                      "apiId": "/providers/Microsoft.PowerApps/apis/shared_azureblob",
                      "operationId": "GetFileMetadataByPath_V2",
                      "connectionName": "shared_azureblob-1"
                    }
                  }
                },
                "Create_file_for_PCG_Traders_Screenshots": {
                  "runAfter": {
                    "Get_Blob_Metadata_for_PCG_Traders_screenshots_using_path_(V2)": [
                      "Succeeded"
                    ]
                  },
                  "metadata": {
                    "operationMetadataId": "18258c45-e6a0-4b7d-904f-b691059475b1"
                  },
                  "type": "OpenApiConnection",
                  "inputs": {
                    "parameters": {
                      "dataset": "@parameters('SharepointUrl (cr705_SharepointUrl)')",
                      "folderPath": "@outputs('Create_new_folder_-_PCG_Trader_Output')?['body/{FullPath}']",
                      "name": "@outputs('Get_Blob_Metadata_for_PCG_Traders_screenshots_using_path_(V2)')?['body/Name']",
                      "body": "@body('Get_blob_content_for_PCG_Traders_screenshots_using_path_(V2)')"
                    },
                    "host": {
                      "apiId": "/providers/Microsoft.PowerApps/apis/shared_sharepointonline",
                      "operationId": "CreateFile",
                      "connectionName": "shared_sharepointonline"
                    }
                  },
                  "runtimeConfiguration": {
                    "contentTransfer": {
                      "transferMode": "Chunked"
                    }
                  }
                }
              },
              "runAfter": {
                "Update_execution_document_url_for_the_item": [
                  "Succeeded"
                ]
              },
              "metadata": {
                "operationMetadataId": "797af463-2944-4558-ac5f-2ea16dbcfaa6"
              },
              "type": "Foreach"
            },
            "Compose_-_full_path_of_Screenshot_folder": {
              "runAfter": {
                "Create_new_folder_-_PCG_Trader_Output": [
                  "Succeeded"
                ]
              },
              "metadata": {
                "operationMetadataId": "68c89065-a8ed-412a-9235-aa568d559082"
              },
              "type": "Compose",
              "inputs": "@outputs('Create_new_folder_-_PCG_Trader_Output')?['body/{FullPath}']"
            },
            "Send_an_approval_email_for_PCG_Traders_": {
              "runAfter": {
                "Apply_to_each_PCG_Traders_Screenshots": [
                  "Succeeded"
                ]
              },
              "metadata": {
                "operationMetadataId": "e7cae984-6acc-44ef-9701-ec7aa866b7ef"
              },
              "type": "OpenApiConnection",
              "inputs": {
                "parameters": {
                  "emailMessage/To": "@parameters('PCGTraderEmail (cr705_PCGTraderEmail)')",
                  "emailMessage/Subject": "Approval notification to commit the final block for @{body('Parse_JSON_of_payload')?['SNAME']}.",
                  "emailMessage/Body": "<p class=\"editor-paragraph\">Hello,<br><br>The final block is ready for trading. Please approve or reject to commit the block from <a href=\"@{parameters('ReactDashboard (cr705_ReactDashboard)')}\" class=\"editor-link\">Dashboard</a>. Please review the following details:<br><br><b><strong class=\"editor-text-bold\">SNAME</strong></b>: @{body('Parse_JSON_of_payload')?['SNAME']}<br><b><strong class=\"editor-text-bold\">Account Number</strong></b>: @{body('Parse_JSON_of_payload')?['Account Number']}<br><b><strong class=\"editor-text-bold\">Estimate Value</strong></b>: @{body('Parse_JSON_of_payload')?['Estimate Value']}<br><b><strong class=\"editor-text-bold\">Style</strong></b>: @{body('Parse_JSON_of_payload')?['Style']}<br><b><strong class=\"editor-text-bold\">Account Balance</strong></b>:@{body('Parse_JSON_of_payload')?['AccountBalance']}<br><b><strong class=\"editor-text-bold\">Composite</strong></b>: @{body('Parse_JSON_of_payload')?['Composite']}<br><b><strong class=\"editor-text-bold\">Composite Date</strong></b>: @{body('Parse_JSON_of_payload')?['Composite Date']}<br><b><strong class=\"editor-text-bold\">Memo</strong></b>: @{body('Parse_JSON_of_payload')?['Memo']}<br><b><strong class=\"editor-text-bold\">DESBRK</strong></b>: @{body('Parse_JSON_of_payload')?['DESBRK']}<br><br>Please review the image attached here : <a href=\"https://avamw.sharepoint.com/sites/AvaMW@{outputs('Create_file_for_PCG_Traders_document')?['body/Path']}\" class=\"editor-link\">Final Block</a></p><p class=\"editor-paragraph\">Thanks!<br><br><br></p><br>",
                  "emailMessage/Importance": "Normal"
                },
                "host": {
                  "apiId": "/providers/Microsoft.PowerApps/apis/shared_office365",
                  "operationId": "SendEmailV2",
                  "connectionName": "shared_office365"
                }
              }
            },
            "Get_current_item_for_IsPCGTradersApproved": {
              "runAfter": {
                "Send_an_approval_email_for_PCG_Traders_": [
                  "Succeeded"
                ]
              },
              "metadata": {
                "operationMetadataId": "23e66b55-7692-4579-b611-2fec44f885b7"
              },
              "type": "OpenApiConnection",
              "inputs": {
                "parameters": {
                  "dataset": "@parameters('SharepointUrl (cr705_SharepointUrl)')",
                  "table": "@parameters('SharepointListName (cr705_SharepointListName)')",
                  "id": "@int(triggerBody()?['text_3'])"
                },
                "host": {
                  "apiId": "/providers/Microsoft.PowerApps/apis/shared_sharepointonline",
                  "operationId": "GetItem",
                  "connectionName": "shared_sharepointonline"
                }
              }
            },
            "Do_until_IsPCGTradersApproved_is_yes": {
              "actions": {
                "Delay_-_10_second": {
                  "metadata": {
                    "operationMetadataId": "a54214a7-14c6-4f4a-9604-2483e73db0e5"
                  },
                  "type": "Wait",
                  "inputs": {
                    "interval": {
                      "count": 10,
                      "unit": "Second"
                    }
                  }
                },
                "Get_current_item_for_ISPCGTradersApproved_value": {
                  "runAfter": {
                    "Delay_-_10_second": [
                      "Succeeded"
                    ]
                  },
                  "metadata": {
                    "operationMetadataId": "cef9bd2b-cafe-41f3-97a1-8015513a3763"
                  },
                  "type": "OpenApiConnection",
                  "inputs": {
                    "parameters": {
                      "dataset": "@parameters('SharepointUrl (cr705_SharepointUrl)')",
                      "table": "@parameters('SharepointListName (cr705_SharepointListName)')",
                      "id": "@int(triggerBody()?['text_3'])"
                    },
                    "host": {
                      "apiId": "/providers/Microsoft.PowerApps/apis/shared_sharepointonline",
                      "operationId": "GetItem",
                      "connectionName": "shared_sharepointonline"
                    }
                  }
                }
              },
              "runAfter": {
                "Get_current_item_for_IsPCGTradersApproved": [
                  "Succeeded"
                ]
              },
              "expression": "@equals(not(empty(outputs('Get_current_item_for_ISPCGTradersApproved_value')?['body/PCGTradersApprovalResponse']))\r\n,true)",
              "limit": {
                "timeout": "P30D"
              },
              "metadata": {
                "operationMetadataId": "318a6c07-9748-4532-80dc-87964904cf97"
              },
              "type": "Until"
            },
            "Get_current_item_for_PCGTradersApprovalResponse_value": {
              "runAfter": {
                "Do_until_IsPCGTradersApproved_is_yes": [
                  "Succeeded"
                ]
              },
              "metadata": {
                "operationMetadataId": "c3fc9a61-08d0-4fd9-90be-ef5b39fac375"
              },
              "type": "OpenApiConnection",
              "inputs": {
                "parameters": {
                  "dataset": "@parameters('SharepointUrl (cr705_SharepointUrl)')",
                  "table": "@parameters('SharepointListName (cr705_SharepointListName)')",
                  "id": "@int(triggerBody()?['text_3'])"
                },
                "host": {
                  "apiId": "/providers/Microsoft.PowerApps/apis/shared_sharepointonline",
                  "operationId": "GetItem",
                  "connectionName": "shared_sharepointonline"
                }
              }
            },
            "Parse_JSON_for_PCGTradersApprovalResponse": {
              "runAfter": {
                "Get_current_item_for_PCGTradersApprovalResponse_value": [
                  "Succeeded"
                ]
              },
              "metadata": {
                "operationMetadataId": "d8a062bc-1d1a-44d3-84ae-db1d37bb35bb"
              },
              "type": "ParseJson",
              "inputs": {
                "content": "@outputs('Get_current_item_for_PCGTradersApprovalResponse_value')?['body/PCGTradersApprovalResponse']",
                "schema": {
                  "type": "object",
                  "properties": {
                    "Response": {
                      "type": "string"
                    },
                    "ReviewedBy": {
                      "type": "string"
                    },
                    "Comment": {
                      "type": "string"
                    }
                  }
                }
              }
            },
            "Condition_to_check_approval_response": {
              "actions": {
                "Multimodel_Input_Json_for_committing_block": {
                  "metadata": {
                    "operationMetadataId": "f118eafc-256d-480f-ac7a-bb5210a548a5"
                  },
                  "type": "Compose",
                  "inputs": {
                    "SNAME": "@{triggerBody()?['text']}",
                    "AccountNumber": "@{triggerBody()?['text_1']}",
                    "EstimateValue": "@{triggerBody()?['text_2']}",
                    "Style": "@{triggerBody()?['text_4']}",
                    "AccountBalance": "@{triggerBody()?['text_5']}",
                    "Composite": "@{triggerBody()?['text_6']}",
                    "CompositeDate": "@{triggerBody()?['text_7']}",
                    "Memo": "@{triggerBody()?['text_9']}",
                    "DESKBRK": "@{triggerBody()?['text_10']}",
                    "PCGTraderscreenshotFolderPath": ""
                  }
                },
                "Multi_model_agent_output_after_committing_block": {
                  "runAfter": {
                    "Multimodel_Input_Json_for_committing_block": [
                      "Succeeded"
                    ]
                  },
                  "metadata": {
                    "operationMetadataId": "0fd78a24-6750-4d7a-82fc-25c94a5922ba"
                  },
                  "type": "Compose",
                  "inputs": {
                    "SNAME": "@{triggerBody()?['text']}",
                    "Account Number": "@{triggerBody()?['text_1']}",
                    "Estimate Value": "@{triggerBody()?['text_5']}",
                    "Style": "FLCC",
                    "AccountBalance": "@{triggerBody()?['text_5']}",
                    "Composite": "FLCCWE",
                    "Composite Date": "10/31/25",
                    "Memo": "",
                    "DESBRK": "JPM",
                    "ExecutionReporturl": "https://uiagentautomationsa.blob.core.windows.net/pcg-traders-documents-retail/Execution_Report.txt?sp=r&st=2025-12-10T07:51:52Z&se=2025-12-10T16:06:52Z&spr=https&sv=2024-11-04&sr=b&sig=losHQeEk%2Fg5%2Fge2Sx2G9TP8eooxsWzL0G6IJBoZEhmY%3D",
                    "PCGTradersScreenshotFolderPath": [
                      "https://uiagentautomationsa.blob.core.windows.net/pcg-traders-screenshots-retail/PCG_Traders_Block_Status.png?sp=r&st=2025-11-24T13:03:44Z&se=2025-11-24T21:18:44Z&spr=https&sv=2024-11-04&sr=b&sig=zdzvvT8MB9237Zx4xaBPaKgZS4RSMp7QuUqZvQctwVI%3D"
                    ]
                  }
                },
                "Scope_-_Quality_Control_Stage": {
                  "actions": {
                    "Update_item_-_Quality_Control_Stage": {
                      "metadata": {
                        "operationMetadataId": "99616dd3-639b-443e-99a2-377b9c52a5b2"
                      },
                      "type": "OpenApiConnection",
                      "inputs": {
                        "parameters": {
                          "dataset": "@parameters('SharepointUrl (cr705_SharepointUrl)')",
                          "table": "@parameters('SharepointListName (cr705_SharepointListName)')",
                          "id": "@int(triggerBody()?['text_3'])",
                          "item/Status/Value": "Quality Control Stage",
                          "item/Personar/Value": "PCG Traders",
                          "item/PCGTrader_QualityAgent_Output": "@outputs('Compose_-_storing_body_data_in_string_format_for_sharepoint_list')"
                        },
                        "host": {
                          "apiId": "/providers/Microsoft.PowerApps/apis/shared_sharepointonline",
                          "operationId": "PatchItem",
                          "connectionName": "shared_sharepointonline"
                        }
                      }
                    },
                    "Parse_JSON_-_Extracted_Data_from_Quality_agent": {
                      "runAfter": {
                        "Update_item_-_Quality_Control_Stage": [
                          "Succeeded"
                        ]
                      },
                      "metadata": {
                        "operationMetadataId": "c5ac48ff-ec1b-4da4-b87d-ac0f403fe028"
                      },
                      "type": "ParseJson",
                      "inputs": {
                        "content": "@outputs('Compose_-_Only_Body_data_store')",
                        "schema": {
                          "type": "object",
                          "properties": {
                            "type": {
                              "type": "string"
                            },
                            "properties": {
                              "type": "object",
                              "properties": {
                                "run_id": {
                                  "type": "object",
                                  "properties": {
                                    "type": {
                                      "type": "string"
                                    }
                                  }
                                },
                                "timestamp": {
                                  "type": "object",
                                  "properties": {
                                    "type": {
                                      "type": "string"
                                    }
                                  }
                                },
                                "overall_verdict": {
                                  "type": "object",
                                  "properties": {
                                    "type": {
                                      "type": "string"
                                    }
                                  }
                                },
                                "overall_score": {
                                  "type": "object",
                                  "properties": {
                                    "type": {
                                      "type": "string"
                                    }
                                  }
                                },
                                "fields": {
                                  "type": "object",
                                  "properties": {
                                    "type": {
                                      "type": "string"
                                    },
                                    "items": {
                                      "type": "object",
                                      "properties": {
                                        "type": {
                                          "type": "string"
                                        },
                                        "properties": {
                                          "type": "object",
                                          "properties": {
                                            "field_name": {
                                              "type": "object",
                                              "properties": {
                                                "type": {
                                                  "type": "string"
                                                }
                                              }
                                            },
                                            "expected_value": {
                                              "type": "object",
                                              "properties": {}
                                            },
                                            "extracted_value": {
                                              "type": "object",
                                              "properties": {}
                                            },
                                            "extraction_source": {
                                              "type": "object",
                                              "properties": {
                                                "type": {
                                                  "type": "string"
                                                }
                                              }
                                            },
                                            "ocr_confidence": {
                                              "type": "object",
                                              "properties": {
                                                "type": {
                                                  "type": "string"
                                                }
                                              }
                                            },
                                            "presence": {
                                              "type": "object",
                                              "properties": {
                                                "type": {
                                                  "type": "string"
                                                }
                                              }
                                            },
                                            "match": {
                                              "type": "object",
                                              "properties": {}
                                            },
                                            "verdict": {
                                              "type": "object",
                                              "properties": {
                                                "type": {
                                                  "type": "string"
                                                }
                                              }
                                            },
                                            "notes": {
                                              "type": "object",
                                              "properties": {
                                                "type": {
                                                  "type": "string"
                                                }
                                              }
                                            },
                                            "evidence": {
                                              "type": "object",
                                              "properties": {
                                                "type": {
                                                  "type": "array",
                                                  "items": {
                                                    "type": "string"
                                                  }
                                                },
                                                "properties": {
                                                  "type": "object",
                                                  "properties": {
                                                    "image": {
                                                      "type": "object",
                                                      "properties": {
                                                        "type": {
                                                          "type": "string"
                                                        }
                                                      }
                                                    },
                                                    "bbox": {
                                                      "type": "object",
                                                      "properties": {}
                                                    }
                                                  }
                                                }
                                              }
                                            }
                                          }
                                        }
                                      }
                                    }
                                  }
                                },
                                "issues": {
                                  "type": "object",
                                  "properties": {
                                    "type": {
                                      "type": "string"
                                    }
                                  }
                                },
                                "human_summary": {
                                  "type": "object",
                                  "properties": {
                                    "type": {
                                      "type": "string"
                                    }
                                  }
                                }
                              }
                            }
                          }
                        }
                      }
                    },
                    "Compose_—_OverallVerdict": {
                      "runAfter": {
                        "Parse_JSON_-_Extracted_Data_from_Quality_agent": [
                          "Succeeded"
                        ]
                      },
                      "metadata": {
                        "operationMetadataId": "ae04259d-8be8-4f73-8bc0-b4a2b9142071"
                      },
                      "type": "Compose",
                      "inputs": "@coalesce(body('Parse_JSON_-_Extracted_Data_from_Quality_agent')?['overall_verdict'], 'N/A')"
                    },
                    "Compose_—_OverallScore": {
                      "runAfter": {
                        "Compose_—_OverallVerdict": [
                          "Succeeded"
                        ]
                      },
                      "metadata": {
                        "operationMetadataId": "18a51f70-47c8-44f0-be08-57ccfe4638e8"
                      },
                      "type": "Compose",
                      "inputs": "@coalesce(string(body('Parse_JSON_-_Extracted_Data_from_Quality_agent')?['overall_score']), '0.00')"
                    },
                    "Condition_-_if_quality_agent_Confidences_score_is_greater_that_0.8": {
                      "actions": {
                        "Send_an_email_(V2)_-_Success": {
                          "metadata": {
                            "operationMetadataId": "188223ab-b923-4d99-8218-4bc14dc01b39"
                          },
                          "type": "OpenApiConnection",
                          "inputs": {
                            "parameters": {
                              "emailMessage/To": "@parameters('PCGTraderEmail (cr705_PCGTraderEmail)')",
                              "emailMessage/Subject": "@{concat('PCG Traders QC report', ' — ', coalesce(body('Parse_JSON_-_Extracted_Data_from_Quality_agent')?['overall_verdict'], 'N/A'))} - @{body('Parse_JSON_of_Multi-Model_agent_output_after_committing_block')?['SNAME']}",
                              "emailMessage/Body": "<p class=\"editor-paragraph\">Hello,<br><br>The PCG Traders QC process for @{body('Parse_JSON_of_Multi-Model_agent_output_after_committing_block')?['SNAME']} has been completed successfully. All required checks have been validated, and no issues were identified.<br>The overall verdict for this cycle is @{concat(\r\n    '<span style=\"color:',\r\n        if(\r\n            equals(toLower(body('Parse_JSON_-_Extracted_Data_from_Quality_agent')?['overall_verdict']), 'pass'),\r\n            'green',\r\n            'orange'\r\n        ),\r\n    '\"><strong>',\r\n        body('Parse_JSON_-_Extracted_Data_from_Quality_agent')?['overall_verdict'],\r\n    '</strong></span>'\r\n)}.</p><p class=\"editor-paragraph\"><br>Please review all details in the Dashboard as well.</p><p class=\"editor-paragraph\"><br>You can access the link here: <a href=\"@{parameters('ReactDashboard (cr705_ReactDashboard)')}\" class=\"editor-link\">Dashboard</a>.<br><br>Thanks!</p>",
                              "emailMessage/Importance": "Normal"
                            },
                            "host": {
                              "apiId": "/providers/Microsoft.PowerApps/apis/shared_office365",
                              "operationId": "SendEmailV2",
                              "connectionName": "shared_office365-1"
                            }
                          }
                        },
                        "Compose_-_Quality_Control_Agent": {
                          "runAfter": {
                            "Send_an_email_(V2)_-_Success": [
                              "Succeeded"
                            ]
                          },
                          "metadata": {
                            "operationMetadataId": "ee639cb3-c9f1-4fa4-b78e-58a9fe551471"
                          },
                          "type": "Compose",
                          "inputs": {
                            "SNAME": "@{body('Parse_JSON_of_payload')?['SNAME']}",
                            "Account Number": "@{body('Parse_JSON_of_payload')?['Account Number']}",
                            "Estimate Value": "@{body('Parse_JSON_of_payload')?['Estimate Value']}",
                            "Style": "@{body('Parse_JSON_of_payload')?['Style']}",
                            "AccountBalance": "@{body('Parse_JSON_of_payload')?['AccountBalance']}",
                            "Composite": "@{body('Parse_JSON_of_payload')?['Composite']}",
                            "Composite Date": "@{body('Parse_JSON_of_payload')?['Composite Date']}",
                            "Memo": "@{body('Parse_JSON_of_payload')?['Memo']}",
                            "DESBRK": "@{body('Parse_JSON_of_payload')?['DESBRK']}",
                            "Confidence Score": "@{outputs('Compose_update_score_in_persentage')}"
                          }
                        },
                        "Update_item_-_QC_Stage_is_greater_than_Confidence_Score": {
                          "runAfter": {
                            "Compose_-_Quality_Control_Agent": [
                              "Succeeded"
                            ]
                          },
                          "metadata": {
                            "operationMetadataId": "59edbb8f-ca44-4c34-a41c-2ff2721651c6"
                          },
                          "type": "OpenApiConnection",
                          "inputs": {
                            "parameters": {
                              "dataset": "@parameters('SharepointUrl (cr705_SharepointUrl)')",
                              "table": "@parameters('SharepointListName (cr705_SharepointListName)')",
                              "id": "@int(triggerBody()?['text_3'])",
                              "item/Title": "@body('Parse_JSON_of_payload')?['SNAME']",
                              "item/Status/Value": "Quality Control Stage",
                              "item/AccountNumber": "@body('Parse_JSON_of_payload')?['Account Number']",
                              "item/Memo": "@body('Parse_JSON_of_payload')?['Memo']",
                              "item/PCGTraderQualityControlAgent": "@string(outputs('Compose_-_Quality_Control_Agent'))",
                              "item/EstimateValue": "@body('Parse_JSON_of_payload')?['Estimate Value']",
                              "item/Style": "@body('Parse_JSON_of_payload')?['Style']",
                              "item/CompositeDate": "@body('Parse_JSON_of_payload')?['Composite Date']",
                              "item/Composite": "@body('Parse_JSON_of_payload')?['Composite']",
                              "item/AccountBalance0": "@body('Parse_JSON_of_payload')?['AccountBalance']",
                              "item/DESKBRK": "@body('Parse_JSON_of_payload')?['DESBRK']"
                            },
                            "host": {
                              "apiId": "/providers/Microsoft.PowerApps/apis/shared_sharepointonline",
                              "operationId": "PatchItem",
                              "connectionName": "shared_sharepointonline"
                            }
                          }
                        },
                        "Scope_-_Handover_Stage": {
                          "actions": {
                            "Update_item_-_Handover_stage": {
                              "metadata": {
                                "operationMetadataId": "99616dd3-639b-443e-99a2-377b9c52a5b2"
                              },
                              "type": "OpenApiConnection",
                              "inputs": {
                                "parameters": {
                                  "dataset": "@parameters('SharepointUrl (cr705_SharepointUrl)')",
                                  "table": "@parameters('SharepointListName (cr705_SharepointListName)')",
                                  "id": "@int(triggerBody()?['text_3'])",
                                  "item/Status/Value": "Handover Stage",
                                  "item/Personar/Value": "PCG Traders"
                                },
                                "host": {
                                  "apiId": "/providers/Microsoft.PowerApps/apis/shared_sharepointonline",
                                  "operationId": "PatchItem",
                                  "connectionName": "shared_sharepointonline"
                                }
                              }
                            },
                            "Send_an_email_(V2)_4_-_PCG_Traders_completed": {
                              "runAfter": {
                                "Update_item_-_Handover_stage": [
                                  "Succeeded"
                                ]
                              },
                              "metadata": {
                                "operationMetadataId": "f46e8436-a2e6-4c71-91e4-7c237db0d2a0"
                              },
                              "type": "OpenApiConnection",
                              "inputs": {
                                "parameters": {
                                  "emailMessage/To": "@parameters('PCGTraderEmail (cr705_PCGTraderEmail)')",
                                  "emailMessage/Subject": "PCG Traders process completed for @{body('Parse_JSON_of_payload')?['SNAME']}",
                                  "emailMessage/Body": "<p class=\"editor-paragraph\">Hello,<br><br>The PCG Trader process has been successfully completed. Please find the details below:<br><br><b><strong class=\"editor-text-bold\">SNAME</strong></b> : @{body('Parse_JSON_of_payload')?['SNAME']}<br><b><strong class=\"editor-text-bold\">Account</strong></b> <b><strong class=\"editor-text-bold\">Number</strong></b> : @{body('Parse_JSON_of_payload')?['Account Number']}<br><b><strong class=\"editor-text-bold\">Style</strong></b> : @{body('Parse_JSON_of_payload')?['Style']}<br><b><strong class=\"editor-text-bold\">Account</strong></b> <b><strong class=\"editor-text-bold\">Balance</strong></b> : @{body('Parse_JSON_of_payload')?['AccountBalance']}<br><b><strong class=\"editor-text-bold\">Composite</strong></b> : @{body('Parse_JSON_of_payload')?['Composite']}<br><b><strong class=\"editor-text-bold\">Composite</strong></b> <b><strong class=\"editor-text-bold\">Date</strong></b> : @{body('Parse_JSON_of_payload')?['Composite Date']}<br><b><strong class=\"editor-text-bold\">Memo</strong></b> : @{body('Parse_JSON_of_payload')?['Memo']}<br><b><strong class=\"editor-text-bold\">DESBRK</strong></b> : @{body('Parse_JSON_of_payload')?['DESBRK']}<br><br>Please review the document present in the folder: <a href=\"https://avamw.sharepoint.com/sites/AvaMW/@{outputs('Create_new_folder_-_PCG_Trader_Output')?['body/{Path}']}\" class=\"editor-link\">Account_Details</a></p><p class=\"editor-paragraph\">Thanks!</p>",
                                  "emailMessage/Attachments": [
                                    {
                                      "Name": "@outputs('Create_file_for_PCG_Traders_execution_report_')?['body/Name']",
                                      "ContentBytes": "@body('Get_blob_content__for_PCG_Traders_execution_report_using_path_(V2)_')"
                                    }
                                  ],
                                  "emailMessage/Importance": "Normal"
                                },
                                "host": {
                                  "apiId": "/providers/Microsoft.PowerApps/apis/shared_office365",
                                  "operationId": "SendEmailV2",
                                  "connectionName": "shared_office365"
                                }
                              }
                            },
                            "Update_item_-_Process_Status_Value": {
                              "runAfter": {
                                "Send_an_email_(V2)_4_-_PCG_Traders_completed": [
                                  "Succeeded"
                                ]
                              },
                              "metadata": {
                                "operationMetadataId": "99616dd3-639b-443e-99a2-377b9c52a5b2"
                              },
                              "type": "OpenApiConnection",
                              "inputs": {
                                "parameters": {
                                  "dataset": "@parameters('SharepointUrl (cr705_SharepointUrl)')",
                                  "table": "@parameters('SharepointListName (cr705_SharepointListName)')",
                                  "id": "@int(triggerBody()?['text_3'])",
                                  "item/Personar/Value": "PCG Traders",
                                  "item/ProcessStatus/Value": "Completed"
                                },
                                "host": {
                                  "apiId": "/providers/Microsoft.PowerApps/apis/shared_sharepointonline",
                                  "operationId": "PatchItem",
                                  "connectionName": "shared_sharepointonline"
                                }
                              }
                            }
                          },
                          "runAfter": {
                            "Update_item_-_QC_Stage_is_greater_than_Confidence_Score": [
                              "Succeeded"
                            ]
                          },
                          "metadata": {
                            "operationMetadataId": "5d987300-7d55-4f1e-be78-811aa8a6f0df"
                          },
                          "type": "Scope"
                        }
                      },
                      "runAfter": {
                        "Compose_update_score_in_persentage": [
                          "Succeeded"
                        ]
                      },
                      "else": {
                        "actions": {
                          "Send_an_email_(V2)_-_Fail": {
                            "metadata": {
                              "operationMetadataId": "23a07439-30f7-45dc-83bf-946093092b47"
                            },
                            "type": "OpenApiConnection",
                            "inputs": {
                              "parameters": {
                                "emailMessage/To": "@parameters('PCGTraderEmail (cr705_PCGTraderEmail)')",
                                "emailMessage/Subject": "@{concat('PCG Traders QC report',' — ', coalesce(body('Parse_JSON_-_Extracted_Data_from_Quality_agent')?['overall_verdict'], 'N/A'))} - @{body('Parse_JSON_of_Multi-Model_agent_output_after_committing_block')?['SNAME']}",
                                "emailMessage/Body": "<p class=\"editor-paragraph\">Hello,<br><br>The PCG Traders QC process for @{body('Parse_JSON_of_Multi-Model_agent_output_after_committing_block')?['SNAME']} has been completed, and certain checks did not meet the required standards. Several issues were identified during the validation. The overall verdict for this cycle is @{concat(\n    '<span style=\"color:red\"><strong>',\n    coalesce(body('Parse_JSON_-_Extracted_Data_from_Quality_agent')?['overall_verdict'], 'N/A'),\n    '</strong></span>'\n)}.<br>Please review the details, take the necessary corrective action, and verify all information in the Dashboard.</p><p class=\"editor-paragraph\"><br>You can access the link here: <a href=\"@{parameters('ReactDashboard (cr705_ReactDashboard)')}\" class=\"editor-link\">Dashboard</a>.<br><br>Thanks!</p>",
                                "emailMessage/Importance": "Normal"
                              },
                              "host": {
                                "apiId": "/providers/Microsoft.PowerApps/apis/shared_office365",
                                "operationId": "SendEmailV2",
                                "connectionName": "shared_office365-1"
                              }
                            }
                          },
                          "Update_item_-_QC_Stage_is_not_greater_than_Confidence_Score": {
                            "runAfter": {
                              "Send_an_email_(V2)_-_Fail": [
                                "Succeeded"
                              ]
                            },
                            "metadata": {
                              "operationMetadataId": "59edbb8f-ca44-4c34-a41c-2ff2721651c6"
                            },
                            "type": "OpenApiConnection",
                            "inputs": {
                              "parameters": {
                                "dataset": "@parameters('SharepointUrl (cr705_SharepointUrl)')",
                                "table": "@parameters('SharepointListName (cr705_SharepointListName)')",
                                "id": "@int(triggerBody()?['text_3'])",
                                "item/Title": "@body('Parse_JSON_of_payload')?['SNAME']",
                                "item/Status/Value": "Quality Control Stage",
                                "item/AccountNumber": "@body('Parse_JSON_of_payload')?['Account Number']",
                                "item/Memo": "@body('Parse_JSON_of_payload')?['Memo']",
                                "item/EstimateValue": "@body('Parse_JSON_of_payload')?['Estimate Value']",
                                "item/Style": "@body('Parse_JSON_of_payload')?['Style']",
                                "item/CompositeDate": "@body('Parse_JSON_of_payload')?['Composite Date']",
                                "item/Composite": "@body('Parse_JSON_of_payload')?['Composite']",
                                "item/AccountBalance0": "@body('Parse_JSON_of_payload')?['AccountBalance']",
                                "item/DESKBRK": "@body('Parse_JSON_of_payload')?['DESBRK']",
                                "item/ProcessStatus/Value": "Failed",
                                "item/ReasonforFailure": "Falied due to low confidence score."
                              },
                              "host": {
                                "apiId": "/providers/Microsoft.PowerApps/apis/shared_sharepointonline",
                                "operationId": "PatchItem",
                                "connectionName": "shared_sharepointonline"
                              }
                            }
                          }
                        }
                      },
                      "expression": {
                        "and": [
                          {
                            "greater": [
                              "@float(outputs('Compose_—_OverallScore'))",
                              "@decimal(parameters('ThresholdValueForPCGTrader (cr705_ThresholdValueForPCGTrader)'))"
                            ]
                          }
                        ]
                      },
                      "metadata": {
                        "operationMetadataId": "b384a0bc-8996-4efa-9e03-8ee35f3589be"
                      },
                      "type": "If"
                    },
                    "Compose_update_score_in_persentage": {
                      "runAfter": {
                        "Compose_—_OverallScore": [
                          "Succeeded"
                        ]
                      },
                      "type": "Compose",
                      "inputs": "@concat(string(mul(float(outputs('Compose_—_OverallScore')),100)), '%')\r\n"
                    }
                  },
                  "runAfter": {
                    "Compose_-_storing_body_data_in_string_format_for_sharepoint_list": [
                      "Succeeded"
                    ]
                  },
                  "metadata": {
                    "operationMetadataId": "a68ff6ea-c458-4327-9247-a8c4911675b8"
                  },
                  "type": "Scope"
                },
                "Parse_JSON_of_Multi-Model_agent_output_after_committing_block": {
                  "runAfter": {
                    "Multi_model_agent_output_after_committing_block": [
                      "Succeeded"
                    ]
                  },
                  "metadata": {
                    "operationMetadataId": "daf5be98-3b19-4b6a-bbcd-375da73afefe"
                  },
                  "type": "ParseJson",
                  "inputs": {
                    "content": "@outputs('Multi_model_agent_output_after_committing_block')",
                    "schema": {
                      "type": "object",
                      "properties": {
                        "SNAME": {
                          "type": "string"
                        },
                        "Account Number": {
                          "type": "string"
                        },
                        "Estimate Value": {
                          "type": "string"
                        },
                        "Style": {
                          "type": "string"
                        },
                        "AccountBalance": {
                          "type": "string"
                        },
                        "Composite": {
                          "type": "string"
                        },
                        "Composite Date": {
                          "type": "string"
                        },
                        "Memo": {
                          "type": "string"
                        },
                        "DESBRK": {
                          "type": "string"
                        },
                        "Evidenceurl": {
                          "type": "string"
                        },
                        "PCGImplementationScreenshotFolderPath": {
                          "type": "array",
                          "items": {
                            "type": "string"
                          }
                        }
                      }
                    }
                  }
                },
                "Update_item_-_PCG_Trading_Agent_Output": {
                  "runAfter": {
                    "Create_file_for_PCG_Traders_execution_report_": [
                      "Succeeded"
                    ]
                  },
                  "metadata": {
                    "operationMetadataId": "99616dd3-639b-443e-99a2-377b9c52a5b2"
                  },
                  "type": "OpenApiConnection",
                  "inputs": {
                    "parameters": {
                      "dataset": "@parameters('SharepointUrl (cr705_SharepointUrl)')",
                      "table": "@parameters('SharepointListName (cr705_SharepointListName)')",
                      "id": "@int(triggerBody()?['text_3'])",
                      "item/Status/Value": "Quality Control Stage",
                      "item/Personar/Value": "PCG Traders",
                      "item/PCGTradersTradingAgentOutput": "@string(outputs('Multi_model_agent_output_after_committing_block'))"
                    },
                    "host": {
                      "apiId": "/providers/Microsoft.PowerApps/apis/shared_sharepointonline",
                      "operationId": "PatchItem",
                      "connectionName": "shared_sharepointonline"
                    }
                  }
                },
                "Get_files_(properties_only)_-_Multimodel_Screenshot_folder": {
                  "runAfter": {
                    "Update_item_-_PCG_Trading_Agent_Output": [
                      "Succeeded"
                    ]
                  },
                  "metadata": {
                    "operationMetadataId": "312dc11e-2016-450b-8b36-586bec6db376"
                  },
                  "type": "OpenApiConnection",
                  "inputs": {
                    "parameters": {
                      "dataset": "@parameters('SharepointUrl (cr705_SharepointUrl)')",
                      "table": "@parameters('MailAttachmentsLibrary (cr705_MailAttachmentsLibrary)')",
                      "folderPath": "/@{outputs('Compose_-_full_path_of_Screenshot_folder')}"
                    },
                    "host": {
                      "apiId": "/providers/Microsoft.PowerApps/apis/shared_sharepointonline",
                      "operationId": "GetFileItems",
                      "connectionName": "shared_sharepointonline"
                    }
                  }
                },
                "Apply_to_each_-_looping_the_screenshots": {
                  "foreach": "@outputs('Get_files_(properties_only)_-_Multimodel_Screenshot_folder')?['body/value']",
                  "actions": {
                    "Get_file_content_-_from_apply_to_each_loop": {
                      "metadata": {
                        "operationMetadataId": "d92c0eee-7690-42b6-a144-d6530522db38"
                      },
                      "type": "OpenApiConnection",
                      "inputs": {
                        "parameters": {
                          "dataset": "@parameters('SharepointUrl (cr705_SharepointUrl)')",
                          "id": "@items('Apply_to_each_-_looping_the_screenshots')?['{Identifier}']",
                          "inferContentType": true
                        },
                        "host": {
                          "apiId": "/providers/Microsoft.PowerApps/apis/shared_sharepointonline",
                          "operationId": "GetFileContent",
                          "connectionName": "shared_sharepointonline"
                        }
                      }
                    },
                    "Compose_-_converting_screenshot_in_base64": {
                      "runAfter": {
                        "Get_file_content_-_from_apply_to_each_loop": [
                          "Succeeded"
                        ]
                      },
                      "metadata": {
                        "operationMetadataId": "6e21a521-352f-4650-a48a-a75fd73331ec"
                      },
                      "type": "Compose",
                      "inputs": "@base64(outputs('Get_file_content_-_from_apply_to_each_loop')?['body'])\r\n"
                    },
                    "Parse_JSON_-_Base64_value": {
                      "runAfter": {
                        "Compose_-_converting_screenshot_in_base64": [
                          "Succeeded"
                        ]
                      },
                      "metadata": {
                        "operationMetadataId": "c3e6c736-e668-4c53-b872-0a8b50fed454"
                      },
                      "type": "ParseJson",
                      "inputs": {
                        "content": {
                          "Base64_Input": "@outputs('Compose_-_converting_screenshot_in_base64')",
                          "Document_Intelligence_json": null
                        },
                        "schema": {
                          "Base64_Input": "",
                          "Document_Intelligence_json": null
                        }
                      }
                    },
                    "Compose_-_adding_the_property": {
                      "runAfter": {
                        "Parse_JSON_-_Base64_value": [
                          "Succeeded"
                        ]
                      },
                      "metadata": {
                        "operationMetadataId": "455ff1d8-c14f-4918-ab9c-295e95fcfa83"
                      },
                      "type": "Compose",
                      "inputs": "@addProperty(\r\n   variables('JSONObject'),\r\n    items('Apply_to_each_-_looping_the_screenshots')?['{Name}'],\r\n    body('Parse_JSON_-_Base64_value')\r\n)\r\n"
                    },
                    "Set_variable_-_JsonObject": {
                      "runAfter": {
                        "Compose_-_adding_the_property": [
                          "Succeeded"
                        ]
                      },
                      "metadata": {
                        "operationMetadataId": "1494b1af-bd49-4f57-9dc8-2efe7da4a6f4"
                      },
                      "type": "SetVariable",
                      "inputs": {
                        "name": "JSONObject",
                        "value": "@outputs('Compose_-_adding_the_property')"
                      }
                    }
                  },
                  "runAfter": {
                    "Get_files_(properties_only)_-_Multimodel_Screenshot_folder": [
                      "Succeeded"
                    ]
                  },
                  "metadata": {
                    "operationMetadataId": "d6605bcb-61cb-48bc-b6ac-3defde293a61"
                  },
                  "type": "Foreach"
                },
                "Compose_-_storing_variable_JSONObject_data": {
                  "runAfter": {
                    "Apply_to_each_-_looping_the_screenshots": [
                      "Succeeded"
                    ]
                  },
                  "metadata": {
                    "operationMetadataId": "dea7ee9b-6150-40d4-81f4-2913a838bf26"
                  },
                  "type": "Compose",
                  "inputs": "@variables('JSONObject')"
                },
                "Compose_-_FinalInputJSON": {
                  "runAfter": {
                    "Compose_-_storing_variable_JSONObject_data": [
                      "Succeeded"
                    ]
                  },
                  "metadata": {
                    "operationMetadataId": "057d04ce-5755-4cfd-95ee-18c6a822bcfb"
                  },
                  "type": "Compose",
                  "inputs": {
                    "cua_json": "@outputs('Multi_model_agent_output_after_committing_block')",
                    "screenshot_content": "@variables('JSONObject')"
                  }
                },
                "HTTP_-_Call_Quality_Control_Agent_API": {
                  "runAfter": {
                    "Compose_-_cua_input_for_quality_agent": [
                      "Succeeded"
                    ]
                  },
                  "metadata": {
                    "operationMetadataId": "6b6c0ef0-75c5-46f6-8439-ca3a2dd0597b"
                  },
                  "type": "Http",
                  "inputs": {
                    "uri": "https://clientadminqualitycontrolfunctionapp-d9fsfdfxghf7btfw.eastus2-01.azurewebsites.net/api/client-admin-quality-control-func?code=ycMnk-5Za7ridk0q0uA3UZFj-fNVWE19lPRHNRpiTROSAzFu-fGb0w==",
                    "method": "POST",
                    "headers": {
                      "Content-Type": "application/json"
                    },
                    "body": {
                      "agent_id": "@parameters('PCGTradersQCAgentID (cr705_PCGTradersQCAgentID)')",
                      "cua_json": "@outputs('Compose_-_cua_input_for_quality_agent')",
                      "screenshot_content": "@variables('JSONObject')"
                    }
                  },
                  "runtimeConfiguration": {
                    "contentTransfer": {
                      "transferMode": "Chunked"
                    }
                  }
                },
                "Compose_-_Only_Body_data_store": {
                  "runAfter": {
                    "HTTP_-_Call_Quality_Control_Agent_API": [
                      "Succeeded"
                    ]
                  },
                  "metadata": {
                    "operationMetadataId": "3555b114-1af8-46c0-8c62-eda4bd3a06cb"
                  },
                  "type": "Compose",
                  "inputs": "@outputs('HTTP_-_Call_Quality_Control_Agent_API')?['body']\r\n"
                },
                "Compose_-_storing_body_data_in_string_format_for_sharepoint_list": {
                  "runAfter": {
                    "Compose_-_Only_Body_data_store": [
                      "Succeeded"
                    ]
                  },
                  "metadata": {
                    "operationMetadataId": "d0461dc7-e734-4c64-bbe7-14c9b620dde4"
                  },
                  "type": "Compose",
                  "inputs": "@string(outputs('Compose_-_Only_Body_data_store'))\r\n"
                },
                "Compose_-_cua_input_for_quality_agent": {
                  "runAfter": {
                    "Compose_-_FinalInputJSON": [
                      "Succeeded"
                    ]
                  },
                  "type": "Compose",
                  "inputs": {
                    "SNAME": "FEIGL2",
                    "AccountBalance": "175003",
                    "AccountNo": "77019504",
                    "Style": "FLCC",
                    "Composite": "FLCCWE",
                    "Composite Date": "10/16/25",
                    "MEMO": "",
                    "DESBRK": "JPM"
                  }
                },
                "Get_Blob_Metadata_for_PCG_Traders_execution_report_using_path_(V2)_": {
                  "runAfter": {
                    "Parse_JSON_of_Multi-Model_agent_output_after_committing_block": [
                      "Succeeded"
                    ]
                  },
                  "metadata": {
                    "operationMetadataId": "f9253e7e-f722-4e84-a2c2-9b7b17d78bb7"
                  },
                  "type": "OpenApiConnection",
                  "inputs": {
                    "parameters": {
                      "dataset": "@parameters('AzureStoreAccountName (cr705_AzureStoreAccountName)')",
                      "path": "@last(split(split(body('Parse_JSON_of_Multi-Model_agent_output_after_committing_block')?['ExecutionReporturl'], '?')[0], '.net/'))"
                    },
                    "host": {
                      "apiId": "/providers/Microsoft.PowerApps/apis/shared_azureblob",
                      "operationId": "GetFileMetadataByPath_V2",
                      "connectionName": "shared_azureblob-1"
                    }
                  }
                },
                "Get_blob_content__for_PCG_Traders_execution_report_using_path_(V2)_": {
                  "runAfter": {
                    "Get_Blob_Metadata_for_PCG_Traders_execution_report_using_path_(V2)_": [
                      "Succeeded"
                    ]
                  },
                  "metadata": {
                    "operationMetadataId": "60c3eade-30c2-4c95-b7fc-b5c85ed7990a"
                  },
                  "type": "OpenApiConnection",
                  "inputs": {
                    "parameters": {
                      "dataset": "@parameters('AzureStoreAccountName (cr705_AzureStoreAccountName)')",
                      "path": "@last(split(split(body('Parse_JSON_of_Multi-Model_agent_output_after_committing_block')?['ExecutionReporturl'], '?')[0], '.net/'))",
                      "inferContentType": true
                    },
                    "host": {
                      "apiId": "/providers/Microsoft.PowerApps/apis/shared_azureblob",
                      "operationId": "GetFileContentByPath_V2",
                      "connectionName": "shared_azureblob-1"
                    }
                  }
                },
                "Create_file_for_PCG_Traders_execution_report_": {
                  "runAfter": {
                    "Get_blob_content__for_PCG_Traders_execution_report_using_path_(V2)_": [
                      "Succeeded"
                    ]
                  },
                  "metadata": {
                    "operationMetadataId": "86ded04a-d97a-48e0-8e27-ceac1ca4fd56"
                  },
                  "type": "OpenApiConnection",
                  "inputs": {
                    "parameters": {
                      "dataset": "@parameters('SharepointUrl (cr705_SharepointUrl)')",
                      "folderPath": "@outputs('Create_new_folder_-_PCG_Trader_Output')?['body/{Path}']",
                      "name": "@outputs('Get_Blob_Metadata_for_PCG_Traders_execution_report_using_path_(V2)_')?['body/Name']",
                      "body": "@body('Get_blob_content__for_PCG_Traders_execution_report_using_path_(V2)_')"
                    },
                    "host": {
                      "apiId": "/providers/Microsoft.PowerApps/apis/shared_sharepointonline",
                      "operationId": "CreateFile",
                      "connectionName": "shared_sharepointonline"
                    }
                  },
                  "runtimeConfiguration": {
                    "contentTransfer": {
                      "transferMode": "Chunked"
                    }
                  }
                }
              },
              "runAfter": {
                "Parse_JSON_for_PCGTradersApprovalResponse": [
                  "Succeeded"
                ]
              },
              "else": {
                "actions": {
                  "Send_an_email_(V2)_-_If_rejected_by_PCG_Traders": {
                    "metadata": {
                      "operationMetadataId": "7249552a-6a8e-41c5-a14b-a09893b7447e"
                    },
                    "type": "OpenApiConnection",
                    "inputs": {
                      "parameters": {
                        "emailMessage/To": "@parameters('PCGTraderEmail (cr705_PCGTraderEmail)')",
                        "emailMessage/Subject": "Final block commit was rejected for @{body('Parse_JSON_of_payload')?['SNAME']}.",
                        "emailMessage/Body": "<p class=\"editor-paragraph\">Hello,<br><br>Requesting you to revalidate the block before committing. Please review the following details:</p><p class=\"editor-paragraph\"><b><strong class=\"editor-text-bold\">Comment</strong></b> : @{body('Parse_JSON_for_PCGTradersApprovalResponse')?['Comment']}</p><p class=\"editor-paragraph\">Please verify all details in the <a href=\"@{parameters('ReactDashboard (cr705_ReactDashboard)')}\" class=\"editor-link\">Dashboard</a> as well.</p><br><p class=\"editor-paragraph\">Thanks!</p><br>",
                        "emailMessage/Importance": "Normal"
                      },
                      "host": {
                        "apiId": "/providers/Microsoft.PowerApps/apis/shared_office365",
                        "operationId": "SendEmailV2",
                        "connectionName": "shared_office365"
                      }
                    }
                  },
                  "Update_item_-_PCG_Traders_Commit_Rejected": {
                    "runAfter": {
                      "Send_an_email_(V2)_-_If_rejected_by_PCG_Traders": [
                        "Succeeded"
                      ]
                    },
                    "type": "OpenApiConnection",
                    "inputs": {
                      "parameters": {
                        "dataset": "@parameters('SharepointUrl (cr705_SharepointUrl)')",
                        "table": "@parameters('SharepointListName (cr705_SharepointListName)')",
                        "id": "@int(triggerBody()?['text_3'])",
                        "item/ProcessStatus/Value": "Failed",
                        "item/ReasonforFailure": "Final commit was rejected. Remediation required."
                      },
                      "host": {
                        "apiId": "/providers/Microsoft.PowerApps/apis/shared_sharepointonline",
                        "operationId": "PatchItem",
                        "connectionName": "shared_sharepointonline"
                      }
                    }
                  }
                }
              },
              "expression": {
                "and": [
                  {
                    "equals": [
                      "@body('Parse_JSON_for_PCGTradersApprovalResponse')?['Response']",
                      "Yes"
                    ]
                  }
                ]
              },
              "metadata": {
                "operationMetadataId": "abd94cef-052d-43a3-9c23-476a03769d74"
              },
              "type": "If"
            },
            "Compose_-_fetching_the_url": {
              "runAfter": {
                "Update_item_-_Processing_stage": [
                  "Succeeded"
                ]
              },
              "type": "Compose",
              "inputs": "@replace(\r\n    replace(\r\n        replace(\r\n            join(\r\n                take(\r\n                    split(\r\n                        decodeUriComponent(triggerBody()?['text_11']),\r\n                        '/'\r\n                    ),\r\n                    sub(length(split(decodeUriComponent(triggerBody()?['text_11']), '/')), 1)\r\n                ),\r\n                '/'\r\n            ),\r\n            parameters('SharepointUrl (cr705_SharepointUrl)'),\r\n            ''\r\n        ),\r\n         concat(parameters('MailAttachmentsLibrary (cr705_MailAttachmentsLibrary)'), '/'),\r\n        ''\r\n    ),\r\n    '\\n',\r\n    ''\r\n)"
            },
            "Compose_-_full_path": {
              "runAfter": {
                "Compose_-_fetching_the_url": [
                  "Succeeded"
                ]
              },
              "type": "Compose",
              "inputs": "@substring(\r\n    outputs('Compose_-_fetching_the_url'),\r\n    0,\r\n    lastIndexOf(outputs('Compose_-_fetching_the_url'), '/')\r\n)"
            }
          },
          "runAfter": {
            "Initialize_variable_JSONObject": [
              "Succeeded"
            ]
          },
          "metadata": {
            "operationMetadataId": "e77f017a-72f5-41cb-acc7-4c4bbc884a37"
          },
          "type": "Scope"
        },
        "Initialize_variable_-_Screenshot_Array": {
          "runAfter": {
            "Initialize_variable_-_outputfolder": [
              "Succeeded"
            ]
          },
          "metadata": {
            "operationMetadataId": "1e9ece24-2734-4ba3-8b95-fe4da034324b"
          },
          "type": "InitializeVariable",
          "inputs": {
            "variables": [
              {
                "name": "ScreenshotArray",
                "type": "array",
                "value": []
              }
            ]
          }
        },
        "Initialize_variable_-_ScreenshotObject": {
          "runAfter": {
            "Initialize_variable_-_Screenshot_Array": [
              "Succeeded"
            ]
          },
          "metadata": {
            "operationMetadataId": "9f809d00-60ef-4001-926d-aaadbedbb7ce"
          },
          "type": "InitializeVariable",
          "inputs": {
            "variables": [
              {
                "name": "ScreenshotObject",
                "type": "object",
                "value": {}
              }
            ]
          }
        },
        "Initialize_variable_-_Filejson": {
          "runAfter": {
            "Initialize_variable_-_ScreenshotObject": [
              "Succeeded"
            ]
          },
          "metadata": {
            "operationMetadataId": "5e07e41c-4e04-4644-a330-32b084e4e948"
          },
          "type": "InitializeVariable",
          "inputs": {
            "variables": [
              {
                "name": "Filejson",
                "type": "object",
                "value": {}
              }
            ]
          }
        },
        "Initialize_variable_JSONObject": {
          "runAfter": {
            "Initialize_variable_-_Filejson": [
              "Succeeded"
            ]
          },
          "metadata": {
            "operationMetadataId": "9164e7e9-a2d3-4c3d-a251-821826055bd9"
          },
          "type": "InitializeVariable",
          "inputs": {
            "variables": [
              {
                "name": "JSONObject",
                "type": "object",
                "value": {}
              }
            ]
          }
        }
      }
    },
    "templateName": null
  },
  "schemaVersion": "1.0.0.0"
}