{
  "properties": {
    "connectionReferences": {
      "shared_sharepointonline": {
        "runtimeSource": "embedded",
        "connection": {
          "connectionReferenceLogicalName": "cr705_sharedsharepointonline_10e05"
        },
        "api": {
          "name": "shared_sharepointonline"
        }
      },
      "shared_azureblob-1": {
        "runtimeSource": "embedded",
        "connection": {
          "connectionReferenceLogicalName": "cr705_sharedazureblob_10790"
        },
        "api": {
          "name": "shared_azureblob"
        }
      },
      "shared_office365": {
        "runtimeSource": "embedded",
        "connection": {
          "connectionReferenceLogicalName": "cr705_sharedoffice365_57163"
        },
        "api": {
          "name": "shared_office365"
        }
      },
      "shared_office365-1": {
        "runtimeSource": "embedded",
        "connection": {
          "connectionReferenceLogicalName": "cr705_sharedoffice365_15cd7"
        },
        "api": {
          "name": "shared_office365"
        }
      },
      "shared_wordonlinebusiness": {
        "runtimeSource": "embedded",
        "connection": {
          "connectionReferenceLogicalName": "cr705_sharedwordonlinebusiness_2fbe4"
        },
        "api": {
          "name": "shared_wordonlinebusiness"
        }
      }
    },
    "definition": {
      "$schema": "https://schema.management.azure.com/providers/Microsoft.Logic/schemas/2016-06-01/workflowdefinition.json#",
      "contentVersion": "1.0.0.0",
      "parameters": {
        "$authentication": {
          "defaultValue": {},
          "type": "SecureObject"
        },
        "$connections": {
          "defaultValue": {},
          "type": "Object"
        },
        "SharepointListName (cr705_SharepointListName)": {
          "defaultValue": "APL Pending Accounts",
          "type": "String",
          "metadata": {
            "schemaName": "cr705_SharepointListName"
          }
        },
        "SharepointUrl (cr705_SharepointUrl)": {
          "defaultValue": "https://avamw.sharepoint.com/sites/AvaMW",
          "type": "String",
          "metadata": {
            "schemaName": "cr705_SharepointUrl"
          }
        },
        "PCGAdminEmail (cr705_PCGAdminEmail)": {
          "defaultValue": "eugene.fong@avanademw.com",
          "type": "String",
          "metadata": {
            "schemaName": "cr705_PCGAdminEmail"
          }
        },
        "PCGAdminEvidence (cr705_PCGAdminEvidence)": {
          "defaultValue": "AccountSummary.docx",
          "type": "String",
          "metadata": {
            "schemaName": "cr705_PCGAdminEvidence"
          }
        },
        "PCGAdminAPLScreenshotFolder (cr705_PCGAdminAPLScreenshotFolder)": {
          "defaultValue": "Portfolio_Optimization_Agent_Screenshot",
          "type": "String",
          "metadata": {
            "schemaName": "cr705_PCGAdminAPLScreenshotFolder"
          }
        },
        "PCGAdminOutputFolder (cr705_PCGAdminOutputFolder)": {
          "defaultValue": "Portfolio_Optimization_Agent_Output",
          "type": "String",
          "metadata": {
            "schemaName": "cr705_PCGAdminOutputFolder"
          }
        },
        "PendingAccountFolderPath (cr705_FolderPath)": {
          "defaultValue": "/Mail Attachments/PendingAccount_Excel/",
          "type": "String",
          "metadata": {
            "schemaName": "cr705_FolderPath",
            "description": "Base SharePoint folder path for Pending Account Excel files."
          }
        },
        "PCGAdminDocument (cr705_PCGAdminDocument)": {
          "defaultValue": "/PendingAccountTemplate.docx",
          "type": "String",
          "metadata": {
            "schemaName": "cr705_PCGAdminDocument"
          }
        },
        "PCGAdminTemplateId (cr705_PCGAdminTemplateId)": {
          "defaultValue": "b!YgqsFUmcK0e4--olwOw7Bxd5iOxATZJAnMnSHZpf2cLav3zpuJH7SJpLyLIYSdmH",
          "type": "String",
          "metadata": {
            "schemaName": "cr705_PCGAdminTemplateId"
          }
        },
        "MailAttachmentsLibrary (cr705_MailAttachmentsLibrary)": {
          "defaultValue": "Mail Attachments",
          "type": "String",
          "metadata": {
            "schemaName": "cr705_MailAttachmentsLibrary",
            "description": "Stores the SharePoint folder name where email attachments are saved."
          }
        },
        "AzureStoreAccountName (cr705_AzureStoreAccountName)": {
          "defaultValue": "uiagentautomationsa",
          "type": "String",
          "metadata": {
            "schemaName": "cr705_AzureStoreAccountName"
          }
        },
        "ReactDashboard (cr705_ReactDashboard)": {
          "defaultValue": "https://sma-equity-dashboard-f8djhhcbcdfeh9e3.canadaeast-01.azurewebsites.net/",
          "type": "String",
          "metadata": {
            "schemaName": "cr705_ReactDashboard"
          }
        },
        "PCGImplementationQCAgentID (cr705_PCGImplementationQCAgentID)": {
          "defaultValue": "asst_v5N91i0A6EWORowdzHN90fVg",
          "type": "String",
          "metadata": {
            "schemaName": "cr705_PCGImplementationQCAgentID"
          }
        },
        "ThresholdValueForPCGAdmin (cr705_ThresholdvalueforPCGadmin)": {
          "defaultValue": "0.7",
          "type": "String",
          "metadata": {
            "schemaName": "cr705_ThresholdvalueforPCGadmin"
          }
        }
      },
      "triggers": {
        "manual": {
          "metadata": {
            "operationMetadataId": "205e22cb-9a07-4041-9965-45fc2ae79c32"
          },
          "type": "Request",
          "kind": "Button",
          "inputs": {
            "schema": {
              "type": "object",
              "properties": {
                "text": {
                  "title": "SNAME",
                  "type": "string",
                  "x-ms-dynamically-added": true,
                  "description": "Please enter your input",
                  "x-ms-content-hint": "TEXT"
                },
                "text_1": {
                  "title": "AccountNumber",
                  "type": "string",
                  "x-ms-dynamically-added": true,
                  "description": "Please enter your input",
                  "x-ms-content-hint": "TEXT"
                },
                "text_2": {
                  "title": "EstimateValue",
                  "type": "string",
                  "x-ms-dynamically-added": true,
                  "description": "Please enter your input",
                  "x-ms-content-hint": "TEXT"
                },
                "text_3": {
                  "title": "id",
                  "type": "string",
                  "x-ms-dynamically-added": true,
                  "description": "Please enter your input",
                  "x-ms-content-hint": "TEXT"
                },
                "text_4": {
                  "title": "Style",
                  "type": "string",
                  "x-ms-dynamically-added": true,
                  "description": "Please enter your input",
                  "x-ms-content-hint": "TEXT"
                },
                "text_5": {
                  "title": "AccountBalance",
                  "type": "string",
                  "x-ms-dynamically-added": true,
                  "description": "Please enter your input",
                  "x-ms-content-hint": "TEXT"
                },
                "text_6": {
                  "title": "Composite",
                  "type": "string",
                  "x-ms-dynamically-added": true,
                  "description": "Please enter your input",
                  "x-ms-content-hint": "TEXT"
                },
                "text_7": {
                  "title": "CompositeDate",
                  "type": "string",
                  "x-ms-dynamically-added": true,
                  "description": "Please enter your input",
                  "x-ms-content-hint": "TEXT"
                },
                "text_8": {
                  "title": "URL",
                  "type": "string",
                  "x-ms-dynamically-added": true,
                  "description": "Please enter your input",
                  "x-ms-content-hint": "TEXT"
                },
                "text_9": {
                  "description": "Please enter your input",
                  "title": "Memo",
                  "type": "string",
                  "x-ms-content-hint": "TEXT",
                  "x-ms-dynamically-added": true
                },
                "text_10": {
                  "description": "Please enter your input",
                  "title": "Subfolder",
                  "type": "string",
                  "x-ms-content-hint": "TEXT",
                  "x-ms-dynamically-added": true
                },
                "text_11": {
                  "description": "Please enter your input",
                  "title": "DESBRK",
                  "type": "string",
                  "x-ms-content-hint": "TEXT",
                  "x-ms-dynamically-added": true
                }
              },
              "required": [
                "text",
                "text_1",
                "text_2",
                "text_3",
                "text_4",
                "text_5",
                "text_6",
                "text_7",
                "text_8",
                "text_9",
                "text_10",
                "text_11"
              ]
            }
          }
        }
      },
      "actions": {
        "Initialize_variable_-_create_folder": {
          "runAfter": {},
          "metadata": {
            "operationMetadataId": "bcb07842-bc12-4b6b-b116-3035738981c9"
          },
          "type": "InitializeVariable",
          "inputs": {
            "variables": [
              {
                "name": "VarFolderName",
                "type": "string",
                "value": "@concat(formatDateTime(utcNow(), 'yyyy-MM-dd'), '_new pending account')\r\n"
              }
            ]
          }
        },
        "Compose_2_-_SubFolderName": {
          "runAfter": {
            "Initialize_variable_-_create_folder": [
              "Succeeded"
            ]
          },
          "metadata": {
            "operationMetadataId": "d70bb12b-6cbc-4c74-abb0-99b68c005921"
          },
          "type": "Compose",
          "inputs": "@concat('Pending Account details_', formatDateTime(utcNow(), 'yyyyMMdd_HHmmss'))\r\n"
        },
        "Initialize_variable_-_outputfolder": {
          "runAfter": {
            "Compose_2_-_SubFolderName": [
              "Succeeded"
            ]
          },
          "metadata": {
            "operationMetadataId": "2f44ae72-e437-4da9-a9c4-88b6c438d064"
          },
          "type": "InitializeVariable",
          "inputs": {
            "variables": [
              {
                "name": "varoutputfolder",
                "type": "string",
                "value": "@concat(parameters('PendingAccountFolderPath (cr705_FolderPath)'), variables('VarFolderName'))"
              }
            ]
          }
        },
        "Scope_-_Processing_Stage": {
          "actions": {
            "Compose_-_Multimodel_Input_Json": {
              "runAfter": {
                "Compose_-_full_path_of_Screenshot_folder": [
                  "Succeeded"
                ]
              },
              "metadata": {
                "operationMetadataId": "f118eafc-256d-480f-ac7a-bb5210a548a5"
              },
              "type": "Compose",
              "inputs": {
                "SNAME": "@{triggerBody()?['text']}",
                "AccountNumber": "@{triggerBody()?['text_1']}",
                "EstimateValue": "@{triggerBody()?['text_2']}",
                "Style": "@{triggerBody()?['text_4']}",
                "AccountBalance": "@{triggerBody()?['text_5']}",
                "Composite": "@{triggerBody()?['text_6']}",
                "CompositeDate": "@{triggerBody()?['text_7']}",
                "Memo": "@{triggerBody()?['text_9']}",
                "DESBRK": "JPM",
                "Evidenceurl": "",
                "PCGImplementationScreenshotFolderPath": ""
              }
            },
            "Multi_model_agent_output": {
              "runAfter": {
                "Compose_-_Multimodel_Input_Json": [
                  "Succeeded"
                ]
              },
              "metadata": {
                "operationMetadataId": "0fd78a24-6750-4d7a-82fc-25c94a5922ba"
              },
              "type": "Compose",
              "inputs": {
                "SNAME": "@{triggerBody()?['text']}",
                "Account Number": "@{triggerBody()?['text_1']}",
                "Estimate Value": "@{triggerBody()?['text_5']}",
                "Style": "FLCC",
                "AccountBalance": "@{triggerBody()?['text_5']}",
                "Composite": "FLCCWE",
                "Composite Date": "10/31/25",
                "Memo": "",
                "DESBRK": "JPM",
                "Evidenceurl": "https://uiagentautomationsa.blob.core.windows.net/pcg-implementation-documents-retail/Evidence.txt?sp=rw&st=2025-11-24T06:32:14Z&se=2025-11-24T14:47:14Z&spr=https&sv=2024-11-04&sr=b&sig=HG1ddSXmfcvOFjonRZGPX%2BPyyRdDaLXBqDRs4s7XaNE%3D",
                "PCGImplementationScreenshotFolderPath": [
                  "https://uiagentautomationsa.blob.core.windows.net/pcg-implementation-screenshots-retail/PCGI_Account_Rebalancer.png?sp=rw&st=2025-11-24T09:42:09Z&se=2025-11-24T17:57:09Z&spr=https&sv=2024-11-04&sr=b&sig=9OV2EHRZhMrzqgC1DnmiNRAOka4dpKqKOH%2Bynm7vWNc%3D",
                  "https://uiagentautomationsa.blob.core.windows.net/pcg-implementation-screenshots-retail/PCGI_Portfolio_Rebalancing.png?sp=rw&st=2025-11-24T09:42:38Z&se=2025-11-24T17:57:38Z&spr=https&sv=2024-11-04&sr=b&sig=5beTHYKKjgY4IuP5EOv%2B6cfRVEmgGqkDxD%2BVJx4Zprw%3D"
                ]
              }
            },
            "Parse_JSON_of_payload": {
              "runAfter": {
                "Multi_model_agent_output": [
                  "Succeeded"
                ]
              },
              "metadata": {
                "operationMetadataId": "daf5be98-3b19-4b6a-bbcd-375da73afefe"
              },
              "type": "ParseJson",
              "inputs": {
                "content": "@outputs('Multi_model_agent_output')",
                "schema": {
                  "type": "object",
                  "properties": {
                    "SNAME": {
                      "type": "string"
                    },
                    "Account Number": {
                      "type": "string"
                    },
                    "Estimate Value": {
                      "type": "string"
                    },
                    "Style": {
                      "type": "string"
                    },
                    "AccountBalance": {
                      "type": "string"
                    },
                    "Composite": {
                      "type": "string"
                    },
                    "Composite Date": {
                      "type": "string"
                    },
                    "Memo": {
                      "type": "string"
                    },
                    "DESBRK": {
                      "type": "string"
                    },
                    "Evidenceurl": {
                      "type": "string"
                    },
                    "PCGImplementationScreenshotFolderPath": {
                      "type": "array",
                      "items": {
                        "type": "string"
                      }
                    }
                  }
                }
              }
            },
            "Create_new_folder_-_PCG_Admin_Output": {
              "runAfter": {
                "Compose_-_full_path": [
                  "Succeeded"
                ]
              },
              "metadata": {
                "operationMetadataId": "4fdbdb96-8777-4b12-a74e-8542d7131286"
              },
              "type": "OpenApiConnection",
              "inputs": {
                "parameters": {
                  "dataset": "@parameters('SharepointUrl (cr705_SharepointUrl)')",
                  "table": "@parameters('MailAttachmentsLibrary (cr705_MailAttachmentsLibrary)')",
                  "parameters/path": "@concat(\r\n    last(split(triggerBody()?['text_10'], parameters('MailAttachmentsLibrary (cr705_MailAttachmentsLibrary)'))),\r\n    '/',\r\n    parameters('PCGAdminOutputFolder (cr705_PCGAdminOutputFolder)'),\r\n    '/',\r\n    parameters('PCGAdminAPLScreenshotFolder (cr705_PCGAdminAPLScreenshotFolder)')\r\n)\r\n"
                },
                "host": {
                  "apiId": "/providers/Microsoft.PowerApps/apis/shared_sharepointonline",
                  "operationId": "CreateNewFolder",
                  "connectionName": "shared_sharepointonline"
                }
              }
            },
            "Update_item_-_Processing_stage": {
              "metadata": {
                "operationMetadataId": "99616dd3-639b-443e-99a2-377b9c52a5b2"
              },
              "type": "OpenApiConnection",
              "inputs": {
                "parameters": {
                  "dataset": "@parameters('SharepointUrl (cr705_SharepointUrl)')",
                  "table": "@parameters('SharepointListName (cr705_SharepointListName)')",
                  "id": "@int(triggerBody()?['text_3'])",
                  "item/Status/Value": "Processing Stage",
                  "item/Personar/Value": "PCG Implementation"
                },
                "host": {
                  "apiId": "/providers/Microsoft.PowerApps/apis/shared_sharepointonline",
                  "operationId": "PatchItem",
                  "connectionName": "shared_sharepointonline"
                }
              }
            },
            "Compose_-_full_path_of_Screenshot_folder": {
              "runAfter": {
                "Create_new_folder_-_PCG_Admin_Output": [
                  "Succeeded"
                ]
              },
              "metadata": {
                "operationMetadataId": "68c89065-a8ed-412a-9235-aa568d559082"
              },
              "type": "Compose",
              "inputs": "@outputs('Create_new_folder_-_PCG_Admin_Output')?['body/{FullPath}']"
            },
            "Apply_to_each_PCG_Implementation_screenshots": {
              "foreach": "@body('Parse_JSON_of_payload')?['PCGImplementationScreenshotFolderPath']",
              "actions": {
                "Get_blob_content_for_PCG_Implementation_screenshots_using_path_(V2)": {
                  "metadata": {
                    "operationMetadataId": "87ac6b7e-ff03-4f7a-9f62-4f11da909e10"
                  },
                  "type": "OpenApiConnection",
                  "inputs": {
                    "parameters": {
                      "dataset": "@parameters('AzureStoreAccountName (cr705_AzureStoreAccountName)')",
                      "path": "@last(split(split(items('Apply_to_each_PCG_Implementation_screenshots'), '?')[0], '.net/'))\r\n",
                      "inferContentType": true
                    },
                    "host": {
                      "apiId": "/providers/Microsoft.PowerApps/apis/shared_azureblob",
                      "operationId": "GetFileContentByPath_V2",
                      "connectionName": "shared_azureblob-1"
                    }
                  }
                },
                "Get_Blob_Metadata_for_PCG_Implementation_screenshots_using_path_(V2)": {
                  "runAfter": {
                    "Get_blob_content_for_PCG_Implementation_screenshots_using_path_(V2)": [
                      "Succeeded"
                    ]
                  },
                  "metadata": {
                    "operationMetadataId": "0ee5c7b0-9bd7-4992-a7b5-61638d6af1f0"
                  },
                  "type": "OpenApiConnection",
                  "inputs": {
                    "parameters": {
                      "dataset": "@parameters('AzureStoreAccountName (cr705_AzureStoreAccountName)')",
                      "path": "@last(split(split(items('Apply_to_each_PCG_Implementation_screenshots'), '?')[0], '.net/'))\n"
                    },
                    "host": {
                      "apiId": "/providers/Microsoft.PowerApps/apis/shared_azureblob",
                      "operationId": "GetFileMetadataByPath_V2",
                      "connectionName": "shared_azureblob-1"
                    }
                  }
                },
                "Create_file_for_PCG_Implementation_screenshots": {
                  "runAfter": {
                    "Get_Blob_Metadata_for_PCG_Implementation_screenshots_using_path_(V2)": [
                      "Succeeded"
                    ]
                  },
                  "metadata": {
                    "operationMetadataId": "acf869af-e799-45b7-9ae4-8a790c78d49e"
                  },
                  "type": "OpenApiConnection",
                  "inputs": {
                    "parameters": {
                      "dataset": "@parameters('SharepointUrl (cr705_SharepointUrl)')",
                      "folderPath": "@outputs('Create_new_folder_-_PCG_Admin_Output')?['body/{FullPath}']",
                      "name": "@outputs('Get_Blob_Metadata_for_PCG_Implementation_screenshots_using_path_(V2)')?['body/Name']",
                      "body": "@body('Get_blob_content_for_PCG_Implementation_screenshots_using_path_(V2)')"
                    },
                    "host": {
                      "apiId": "/providers/Microsoft.PowerApps/apis/shared_sharepointonline",
                      "operationId": "CreateFile",
                      "connectionName": "shared_sharepointonline"
                    }
                  },
                  "runtimeConfiguration": {
                    "contentTransfer": {
                      "transferMode": "Chunked"
                    }
                  }
                }
              },
              "runAfter": {
                "Update_evidence_document_url_for_the_item": [
                  "Succeeded"
                ]
              },
              "metadata": {
                "operationMetadataId": "da3b8993-2388-403e-8d46-aa5e594bf107"
              },
              "type": "Foreach"
            },
            "Get_Blob_Metadata_for_PCG_Implementation_document_using_path_(V2)": {
              "runAfter": {
                "Parse_JSON_of_payload": [
                  "Succeeded"
                ]
              },
              "metadata": {
                "operationMetadataId": "5bcb2bd8-5d23-48fb-b010-2726221beb0d"
              },
              "type": "OpenApiConnection",
              "inputs": {
                "parameters": {
                  "dataset": "@parameters('AzureStoreAccountName (cr705_AzureStoreAccountName)')",
                  "path": "@last(split(split(body('Parse_JSON_of_payload')?['Evidenceurl'], '?')[0], '.net/'))\r\n"
                },
                "host": {
                  "apiId": "/providers/Microsoft.PowerApps/apis/shared_azureblob",
                  "operationId": "GetFileMetadataByPath_V2",
                  "connectionName": "shared_azureblob-1"
                }
              }
            },
            "Get_blob_content__for_PCG_Implementation_document_using_path_(V2)": {
              "runAfter": {
                "Get_Blob_Metadata_for_PCG_Implementation_document_using_path_(V2)": [
                  "Succeeded"
                ]
              },
              "metadata": {
                "operationMetadataId": "94317c4a-e5f1-456f-a07f-9f6ec2d567e0"
              },
              "type": "OpenApiConnection",
              "inputs": {
                "parameters": {
                  "dataset": "@parameters('AzureStoreAccountName (cr705_AzureStoreAccountName)')",
                  "path": "@last(split(split(body('Parse_JSON_of_payload')?['Evidenceurl'], '?')[0], '.net/'))",
                  "inferContentType": true
                },
                "host": {
                  "apiId": "/providers/Microsoft.PowerApps/apis/shared_azureblob",
                  "operationId": "GetFileContentByPath_V2",
                  "connectionName": "shared_azureblob-1"
                }
              }
            },
            "Create_file_for_PCG_Implementation_document": {
              "runAfter": {
                "Get_blob_content__for_PCG_Implementation_document_using_path_(V2)": [
                  "Succeeded"
                ]
              },
              "metadata": {
                "operationMetadataId": "21436c38-8a54-4e68-898c-efd82f6cd88e"
              },
              "type": "OpenApiConnection",
              "inputs": {
                "parameters": {
                  "dataset": "@parameters('SharepointUrl (cr705_SharepointUrl)')",
                  "folderPath": "@outputs('Create_new_folder_-_PCG_Admin_Output')?['body/{Path}']",
                  "name": "@outputs('Get_Blob_Metadata_for_PCG_Implementation_document_using_path_(V2)')?['body/Name']",
                  "body": "@body('Get_blob_content__for_PCG_Implementation_document_using_path_(V2)')"
                },
                "host": {
                  "apiId": "/providers/Microsoft.PowerApps/apis/shared_sharepointonline",
                  "operationId": "CreateFile",
                  "connectionName": "shared_sharepointonline"
                }
              },
              "runtimeConfiguration": {
                "contentTransfer": {
                  "transferMode": "Chunked"
                }
              }
            },
            "Update_evidence_document_url_for_the_item": {
              "runAfter": {
                "Create_file_for_PCG_Implementation_document": [
                  "Succeeded"
                ]
              },
              "metadata": {
                "operationMetadataId": "7aa52c18-b51d-4a42-a4eb-cb87c25586bd"
              },
              "type": "OpenApiConnection",
              "inputs": {
                "parameters": {
                  "dataset": "@parameters('SharepointUrl (cr705_SharepointUrl)')",
                  "table": "@parameters('SharepointListName (cr705_SharepointListName)')",
                  "id": "@int(triggerBody()?['text_3'])",
                  "item/PCGImplementationDocumentURL": "@concat(parameters('SharepointUrl (cr705_SharepointUrl)'),outputs('Create_file_for_PCG_Implementation_document')?['body/Path'])",
                  "item/IsPCGImplementationApproved": false
                },
                "host": {
                  "apiId": "/providers/Microsoft.PowerApps/apis/shared_sharepointonline",
                  "operationId": "PatchItem",
                  "connectionName": "shared_sharepointonline"
                }
              }
            },
            "Send_an_approval_email_for_PCG_Implementation": {
              "runAfter": {
                "Apply_to_each_PCG_Implementation_screenshots": [
                  "Succeeded"
                ]
              },
              "metadata": {
                "operationMetadataId": "d569b39f-8a82-4fe6-8978-1b3f00f2753a"
              },
              "type": "OpenApiConnection",
              "inputs": {
                "parameters": {
                  "emailMessage/To": "@parameters('PCGAdminEmail (cr705_PCGAdminEmail)')",
                  "emailMessage/Subject": "Approval notification for PCG Implementation for @{body('Parse_JSON_of_payload')?['SNAME']}.",
                  "emailMessage/Body": "<p class=\"editor-paragraph\">Hello,<br><br>Portfolio rebalancing process is completed for PCG Implementation. Please approve or reject the rebalanced weights from <a href=\"@{parameters('ReactDashboard (cr705_ReactDashboard)')}\" class=\"editor-link\">Dashboard</a>. Please review the following details:<br><br><b><strong class=\"editor-text-bold\">SNAME</strong></b>: @{body('Parse_JSON_of_payload')?['SNAME']}<br><b><strong class=\"editor-text-bold\">Account Number</strong></b>: @{body('Parse_JSON_of_payload')?['Account Number']}<br><b><strong class=\"editor-text-bold\">Estimate Value</strong></b>: @{body('Parse_JSON_of_payload')?['Estimate Value']}<br><b><strong class=\"editor-text-bold\">Style</strong></b>: @{body('Parse_JSON_of_payload')?['Style']}<br><b><strong class=\"editor-text-bold\">Account Balance</strong></b>:@{body('Parse_JSON_of_payload')?['AccountBalance']}<br><b><strong class=\"editor-text-bold\">Composite</strong></b>: @{body('Parse_JSON_of_payload')?['Composite']}<br><b><strong class=\"editor-text-bold\">Composite Date</strong></b>: @{body('Parse_JSON_of_payload')?['Composite Date']}<br><b><strong class=\"editor-text-bold\">Memo</strong></b>: @{body('Parse_JSON_of_payload')?['Memo']}<br><b><strong class=\"editor-text-bold\">DESBRK</strong></b>: @{body('Parse_JSON_of_payload')?['DESBRK']}<br><br>Please review the document attached here : <a href=\"@{concat(parameters('SharepointUrl (cr705_SharepointUrl)'),outputs('Create_file_for_PCG_Implementation_document')?['body/Path'])}\" class=\"editor-link\">Proration Evidence</a></p><p class=\"editor-paragraph\">Thanks!</p>",
                  "emailMessage/Importance": "Normal"
                },
                "host": {
                  "apiId": "/providers/Microsoft.PowerApps/apis/shared_office365",
                  "operationId": "SendEmailV2",
                  "connectionName": "shared_office365"
                }
              }
            },
            "Do_until_isPCGImplementationApproved_is_yes": {
              "actions": {
                "Delay_-_10_second": {
                  "metadata": {
                    "operationMetadataId": "a54214a7-14c6-4f4a-9604-2483e73db0e5"
                  },
                  "type": "Wait",
                  "inputs": {
                    "interval": {
                      "count": 10,
                      "unit": "Second"
                    }
                  }
                },
                "Compose_2": {
                  "runAfter": {
                    "Get_current_item_for_ISPCGImplementationApprove": [
                      "Succeeded"
                    ]
                  },
                  "metadata": {
                    "operationMetadataId": "a64dedaf-dcf2-4244-af7f-b9069ed121cf"
                  },
                  "type": "Compose",
                  "inputs": "@outputs('Get_current_item_for_ISPCGImplementationApprove')?['body/PCGImplementationApprovalRespons']"
                },
                "Get_current_item_for_ISPCGImplementationApprove": {
                  "runAfter": {
                    "Delay_-_10_second": [
                      "Succeeded"
                    ]
                  },
                  "metadata": {
                    "operationMetadataId": "cef9bd2b-cafe-41f3-97a1-8015513a3763"
                  },
                  "type": "OpenApiConnection",
                  "inputs": {
                    "parameters": {
                      "dataset": "@parameters('SharepointUrl (cr705_SharepointUrl)')",
                      "table": "@parameters('SharepointListName (cr705_SharepointListName)')",
                      "id": "@int(triggerBody()?['text_3'])"
                    },
                    "host": {
                      "apiId": "/providers/Microsoft.PowerApps/apis/shared_sharepointonline",
                      "operationId": "GetItem",
                      "connectionName": "shared_sharepointonline"
                    }
                  }
                }
              },
              "runAfter": {
                "Get_current_item_for_IsPCGImplementationApproved": [
                  "Succeeded"
                ]
              },
              "expression": "@equals(not(empty(outputs('Get_current_item_for_ISPCGImplementationApprove')?['body/PCGImplementationApprovalRespons']))\r\n\r\n,true)",
              "limit": {
                "timeout": "P30D"
              },
              "metadata": {
                "operationMetadataId": "318a6c07-9748-4532-80dc-87964904cf97"
              },
              "type": "Until"
            },
            "Get_current_item_for_IsPCGImplementationApproved": {
              "runAfter": {
                "Send_an_approval_email_for_PCG_Implementation": [
                  "Succeeded"
                ]
              },
              "metadata": {
                "operationMetadataId": "630c36c5-22b3-4ced-9274-1701093aed24"
              },
              "type": "OpenApiConnection",
              "inputs": {
                "parameters": {
                  "dataset": "@parameters('SharepointUrl (cr705_SharepointUrl)')",
                  "table": "@parameters('SharepointListName (cr705_SharepointListName)')",
                  "id": "@int(triggerBody()?['text_3'])"
                },
                "host": {
                  "apiId": "/providers/Microsoft.PowerApps/apis/shared_sharepointonline",
                  "operationId": "GetItem",
                  "connectionName": "shared_sharepointonline"
                }
              }
            },
            "Get_current_item_for_PCGImplementationApprovalResponse_value": {
              "runAfter": {
                "Do_until_isPCGImplementationApproved_is_yes": [
                  "Succeeded"
                ]
              },
              "metadata": {
                "operationMetadataId": "c3fc9a61-08d0-4fd9-90be-ef5b39fac375"
              },
              "type": "OpenApiConnection",
              "inputs": {
                "parameters": {
                  "dataset": "@parameters('SharepointUrl (cr705_SharepointUrl)')",
                  "table": "@parameters('SharepointListName (cr705_SharepointListName)')",
                  "id": "@int(triggerBody()?['text_3'])"
                },
                "host": {
                  "apiId": "/providers/Microsoft.PowerApps/apis/shared_sharepointonline",
                  "operationId": "GetItem",
                  "connectionName": "shared_sharepointonline"
                }
              }
            },
            "_Condition_to_check_approval_response": {
              "actions": {
                "Multi-Model_agent_input_JSON_for_Committing_block": {
                  "metadata": {
                    "operationMetadataId": "f118eafc-256d-480f-ac7a-bb5210a548a5"
                  },
                  "type": "Compose",
                  "inputs": {
                    "SNAME": "@{triggerBody()?['text']}",
                    "AccountNumber": "@{triggerBody()?['text_1']}",
                    "EstimateValue": "@{triggerBody()?['text_2']}",
                    "Style": "@{triggerBody()?['text_4']}",
                    "AccountBalance": "@{triggerBody()?['text_5']}",
                    "Composite": "@{triggerBody()?['text_6']}",
                    "CompositeDate": "@{triggerBody()?['text_7']}",
                    "Memo": "@{triggerBody()?['text_9']}",
                    "DESBRK": "BSM",
                    "PCGImplementationScreenshotFolderPath": ""
                  }
                },
                "Multi-Model_agent_output_JSON_after_Committing_block": {
                  "runAfter": {
                    "Multi-Model_agent_input_JSON_for_Committing_block": [
                      "Succeeded"
                    ]
                  },
                  "metadata": {
                    "operationMetadataId": "0fd78a24-6750-4d7a-82fc-25c94a5922ba"
                  },
                  "type": "Compose",
                  "inputs": {
                    "SNAME": "@{triggerBody()?['text']}",
                    "Account Number": "@{triggerBody()?['text_1']}",
                    "Estimate Value": "@{triggerBody()?['text_5']}",
                    "Style": "FLCC",
                    "AccountBalance": "@{triggerBody()?['text_5']}",
                    "Composite": "FLCCWE",
                    "Composite Date": "10/31/25",
                    "Memo": "",
                    "DESBRK": "JPM",
                    "Evidenceurl": "https://uiagentautomationsa.blob.core.windows.net/pcg-implementation-documents-retail/Evidence.txt?sp=rw&st=2025-11-24T06:32:14Z&se=2025-11-24T14:47:14Z&spr=https&sv=2024-11-04&sr=b&sig=HG1ddSXmfcvOFjonRZGPX%2BPyyRdDaLXBqDRs4s7XaNE%3D",
                    "PCGImplementationScreenshotFolderPath": [
                      "https://uiagentautomationsa.blob.core.windows.net/pcg-implementation-screenshots-retail/PCGI_Commit_Block.png?sp=rw&st=2025-11-24T11:09:34Z&se=2025-11-24T19:24:34Z&spr=https&sv=2024-11-04&sr=b&sig=6sWd%2BEqfW0MOET2xVeTkuO8fGLWIuYg1bzGmYY8ga9c%3D"
                    ]
                  }
                },
                "Get_files_(properties_only)_-_Multimodel_Screenshot_folder": {
                  "runAfter": {
                    "Update_item_-_PCG_Portfolio_Optimization_Agent_Output": [
                      "Succeeded"
                    ]
                  },
                  "metadata": {
                    "operationMetadataId": "312dc11e-2016-450b-8b36-586bec6db376"
                  },
                  "type": "OpenApiConnection",
                  "inputs": {
                    "parameters": {
                      "dataset": "@parameters('SharepointUrl (cr705_SharepointUrl)')",
                      "table": "@parameters('MailAttachmentsLibrary (cr705_MailAttachmentsLibrary)')",
                      "folderPath": "/@{outputs('Compose_-_full_path_of_Screenshot_folder')}"
                    },
                    "host": {
                      "apiId": "/providers/Microsoft.PowerApps/apis/shared_sharepointonline",
                      "operationId": "GetFileItems",
                      "connectionName": "shared_sharepointonline"
                    }
                  }
                },
                "Apply_to_each_-_looping_the_screenshots": {
                  "foreach": "@outputs('Get_files_(properties_only)_-_Multimodel_Screenshot_folder')?['body/value']",
                  "actions": {
                    "Get_file_content_-_from_apply_to_each_loop": {
                      "metadata": {
                        "operationMetadataId": "d92c0eee-7690-42b6-a144-d6530522db38"
                      },
                      "type": "OpenApiConnection",
                      "inputs": {
                        "parameters": {
                          "dataset": "@parameters('SharepointUrl (cr705_SharepointUrl)')",
                          "id": "@items('Apply_to_each_-_looping_the_screenshots')?['{Identifier}']",
                          "inferContentType": true
                        },
                        "host": {
                          "apiId": "/providers/Microsoft.PowerApps/apis/shared_sharepointonline",
                          "operationId": "GetFileContent",
                          "connectionName": "shared_sharepointonline"
                        }
                      }
                    },
                    "Compose_-_converting_screenshot_in_base64": {
                      "runAfter": {
                        "Get_file_content_-_from_apply_to_each_loop": [
                          "Succeeded"
                        ]
                      },
                      "metadata": {
                        "operationMetadataId": "6e21a521-352f-4650-a48a-a75fd73331ec"
                      },
                      "type": "Compose",
                      "inputs": "@base64(outputs('Get_file_content_-_from_apply_to_each_loop')?['body'])\r\n"
                    },
                    "Parse_JSON_-_Base64_value": {
                      "runAfter": {
                        "Compose_-_converting_screenshot_in_base64": [
                          "Succeeded"
                        ]
                      },
                      "metadata": {
                        "operationMetadataId": "c3e6c736-e668-4c53-b872-0a8b50fed454"
                      },
                      "type": "ParseJson",
                      "inputs": {
                        "content": {
                          "Base64_Input": "@outputs('Compose_-_converting_screenshot_in_base64')",
                          "Document_Intelligence_json": null
                        },
                        "schema": {
                          "Base64_Input": "",
                          "Document_Intelligence_json": null
                        }
                      }
                    },
                    "Compose_-_adding_the_property": {
                      "runAfter": {
                        "Parse_JSON_-_Base64_value": [
                          "Succeeded"
                        ]
                      },
                      "metadata": {
                        "operationMetadataId": "455ff1d8-c14f-4918-ab9c-295e95fcfa83"
                      },
                      "type": "Compose",
                      "inputs": "@addProperty(\r\n   variables('JSONObject'),\r\n    items('Apply_to_each_-_looping_the_screenshots')?['{Name}'],\r\n    body('Parse_JSON_-_Base64_value')\r\n)\r\n"
                    },
                    "Set_variable_-_JsonObject": {
                      "runAfter": {
                        "Compose_-_adding_the_property": [
                          "Succeeded"
                        ]
                      },
                      "metadata": {
                        "operationMetadataId": "1494b1af-bd49-4f57-9dc8-2efe7da4a6f4"
                      },
                      "type": "SetVariable",
                      "inputs": {
                        "name": "JSONObject",
                        "value": "@outputs('Compose_-_adding_the_property')"
                      }
                    }
                  },
                  "runAfter": {
                    "Get_files_(properties_only)_-_Multimodel_Screenshot_folder": [
                      "Succeeded"
                    ]
                  },
                  "metadata": {
                    "operationMetadataId": "d69f8b06-c694-4aaa-8d93-f4ee2e891062"
                  },
                  "type": "Foreach"
                },
                "Compose_-_storing_variable_JSONObject_data": {
                  "runAfter": {
                    "Apply_to_each_-_looping_the_screenshots": [
                      "Succeeded"
                    ]
                  },
                  "metadata": {
                    "operationMetadataId": "dea7ee9b-6150-40d4-81f4-2913a838bf26"
                  },
                  "type": "Compose",
                  "inputs": "@variables('JSONObject')"
                },
                "Compose_-_FinalInputJSON": {
                  "runAfter": {
                    "Compose_-_storing_variable_JSONObject_data": [
                      "Succeeded"
                    ]
                  },
                  "metadata": {
                    "operationMetadataId": "057d04ce-5755-4cfd-95ee-18c6a822bcfb"
                  },
                  "type": "Compose",
                  "inputs": {
                    "cua_json": "@outputs('Multi_model_agent_output')",
                    "screenshot_content": "@variables('JSONObject')"
                  }
                },
                "HTTP_-_Call_Quality_Control_Agent_API": {
                  "runAfter": {
                    "Compose_-_cua_input_for_quality_agent": [
                      "Succeeded"
                    ]
                  },
                  "metadata": {
                    "operationMetadataId": "6b6c0ef0-75c5-46f6-8439-ca3a2dd0597b"
                  },
                  "type": "Http",
                  "inputs": {
                    "uri": "https://clientadminqualitycontrolfunctionapp-d9fsfdfxghf7btfw.eastus2-01.azurewebsites.net/api/client-admin-quality-control-func?code=ycMnk-5Za7ridk0q0uA3UZFj-fNVWE19lPRHNRpiTROSAzFu-fGb0w==",
                    "method": "POST",
                    "headers": {
                      "Content-Type": "application/json"
                    },
                    "body": {
                      "agent_id": "@parameters('PCGImplementationQCAgentID (cr705_PCGImplementationQCAgentID)')",
                      "cua_json": "@outputs('Compose_-_cua_input_for_quality_agent')",
                      "screenshot_content": "@variables('JSONObject')"
                    }
                  },
                  "runtimeConfiguration": {
                    "contentTransfer": {
                      "transferMode": "Chunked"
                    }
                  }
                },
                "Compose_-_Only_Body_data_store": {
                  "runAfter": {
                    "HTTP_-_Call_Quality_Control_Agent_API": [
                      "Succeeded"
                    ]
                  },
                  "metadata": {
                    "operationMetadataId": "3555b114-1af8-46c0-8c62-eda4bd3a06cb"
                  },
                  "type": "Compose",
                  "inputs": "@outputs('HTTP_-_Call_Quality_Control_Agent_API')?['body']\r\n"
                },
                "Compose_-_storing_body_data_in_string_format_for_sharepoint_list": {
                  "runAfter": {
                    "Compose_-_Only_Body_data_store": [
                      "Succeeded"
                    ]
                  },
                  "metadata": {
                    "operationMetadataId": "d0461dc7-e734-4c64-bbe7-14c9b620dde4"
                  },
                  "type": "Compose",
                  "inputs": "@string(outputs('Compose_-_Only_Body_data_store'))\r\n"
                },
                "Scope_-_Quality_Control_Stage": {
                  "actions": {
                    "Update_item_-_Quality_Control_Stage": {
                      "metadata": {
                        "operationMetadataId": "99616dd3-639b-443e-99a2-377b9c52a5b2"
                      },
                      "type": "OpenApiConnection",
                      "inputs": {
                        "parameters": {
                          "dataset": "@parameters('SharepointUrl (cr705_SharepointUrl)')",
                          "table": "@parameters('SharepointListName (cr705_SharepointListName)')",
                          "id": "@int(triggerBody()?['text_3'])",
                          "item/Status/Value": "Quality Control Stage",
                          "item/Personar/Value": "PCG Implementation",
                          "item/PCGImplementation_QualityAgent_O": "@outputs('Compose_-_storing_body_data_in_string_format_for_sharepoint_list')"
                        },
                        "host": {
                          "apiId": "/providers/Microsoft.PowerApps/apis/shared_sharepointonline",
                          "operationId": "PatchItem",
                          "connectionName": "shared_sharepointonline"
                        }
                      }
                    },
                    "Parse_JSON_-_Extracted_Data_from_Quality_agent": {
                      "runAfter": {
                        "Update_item_-_Quality_Control_Stage": [
                          "Succeeded"
                        ]
                      },
                      "metadata": {
                        "operationMetadataId": "c5ac48ff-ec1b-4da4-b87d-ac0f403fe028"
                      },
                      "type": "ParseJson",
                      "inputs": {
                        "content": "@outputs('Compose_-_Only_Body_data_store')",
                        "schema": {
                          "type": "object",
                          "properties": {
                            "type": {
                              "type": "string"
                            },
                            "properties": {
                              "type": "object",
                              "properties": {
                                "run_id": {
                                  "type": "object",
                                  "properties": {
                                    "type": {
                                      "type": "string"
                                    }
                                  }
                                },
                                "timestamp": {
                                  "type": "object",
                                  "properties": {
                                    "type": {
                                      "type": "string"
                                    }
                                  }
                                },
                                "overall_verdict": {
                                  "type": "object",
                                  "properties": {
                                    "type": {
                                      "type": "string"
                                    }
                                  }
                                },
                                "overall_score": {
                                  "type": "object",
                                  "properties": {
                                    "type": {
                                      "type": "string"
                                    }
                                  }
                                },
                                "fields": {
                                  "type": "object",
                                  "properties": {
                                    "type": {
                                      "type": "string"
                                    },
                                    "items": {
                                      "type": "object",
                                      "properties": {
                                        "type": {
                                          "type": "string"
                                        },
                                        "properties": {
                                          "type": "object",
                                          "properties": {
                                            "field_name": {
                                              "type": "object",
                                              "properties": {
                                                "type": {
                                                  "type": "string"
                                                }
                                              }
                                            },
                                            "expected_value": {
                                              "type": "object",
                                              "properties": {}
                                            },
                                            "extracted_value": {
                                              "type": "object",
                                              "properties": {}
                                            },
                                            "extraction_source": {
                                              "type": "object",
                                              "properties": {
                                                "type": {
                                                  "type": "string"
                                                }
                                              }
                                            },
                                            "ocr_confidence": {
                                              "type": "object",
                                              "properties": {
                                                "type": {
                                                  "type": "string"
                                                }
                                              }
                                            },
                                            "presence": {
                                              "type": "object",
                                              "properties": {
                                                "type": {
                                                  "type": "string"
                                                }
                                              }
                                            },
                                            "match": {
                                              "type": "object",
                                              "properties": {}
                                            },
                                            "verdict": {
                                              "type": "object",
                                              "properties": {
                                                "type": {
                                                  "type": "string"
                                                }
                                              }
                                            },
                                            "notes": {
                                              "type": "object",
                                              "properties": {
                                                "type": {
                                                  "type": "string"
                                                }
                                              }
                                            },
                                            "evidence": {
                                              "type": "object",
                                              "properties": {
                                                "type": {
                                                  "type": "array",
                                                  "items": {
                                                    "type": "string"
                                                  }
                                                },
                                                "properties": {
                                                  "type": "object",
                                                  "properties": {
                                                    "image": {
                                                      "type": "object",
                                                      "properties": {
                                                        "type": {
                                                          "type": "string"
                                                        }
                                                      }
                                                    },
                                                    "bbox": {
                                                      "type": "object",
                                                      "properties": {}
                                                    }
                                                  }
                                                }
                                              }
                                            }
                                          }
                                        }
                                      }
                                    }
                                  }
                                },
                                "issues": {
                                  "type": "object",
                                  "properties": {
                                    "type": {
                                      "type": "string"
                                    }
                                  }
                                },
                                "human_summary": {
                                  "type": "object",
                                  "properties": {
                                    "type": {
                                      "type": "string"
                                    }
                                  }
                                }
                              }
                            }
                          }
                        }
                      }
                    },
                    "Compose_—_OverallVerdict": {
                      "runAfter": {
                        "Parse_JSON_-_Extracted_Data_from_Quality_agent": [
                          "Succeeded"
                        ]
                      },
                      "metadata": {
                        "operationMetadataId": "ae04259d-8be8-4f73-8bc0-b4a2b9142071"
                      },
                      "type": "Compose",
                      "inputs": "@coalesce(body('Parse_JSON_-_Extracted_Data_from_Quality_agent')?['overall_verdict'], 'N/A')"
                    },
                    "Compose_—_OverallScore": {
                      "runAfter": {
                        "Compose_—_OverallVerdict": [
                          "Succeeded"
                        ]
                      },
                      "metadata": {
                        "operationMetadataId": "18a51f70-47c8-44f0-be08-57ccfe4638e8"
                      },
                      "type": "Compose",
                      "inputs": "@coalesce(string(body('Parse_JSON_-_Extracted_Data_from_Quality_agent')?['overall_score']), '0.00')"
                    },
                    "Condition_-_if_quality_agent_Confidences_score_is_greater_that_0.8": {
                      "actions": {
                        "Send_an_email_(V2)_-_Success": {
                          "metadata": {
                            "operationMetadataId": "188223ab-b923-4d99-8218-4bc14dc01b39"
                          },
                          "type": "OpenApiConnection",
                          "inputs": {
                            "parameters": {
                              "emailMessage/To": "@parameters('PCGAdminEmail (cr705_PCGAdminEmail)')",
                              "emailMessage/Subject": "@{concat('PCG Implementation QC report',' — ', coalesce(body('Parse_JSON_-_Extracted_Data_from_Quality_agent')?['overall_verdict'], 'N/A'))} - @{body('Parse_JSON_of_payload_1')?['SNAME']}",
                              "emailMessage/Body": "<p class=\"editor-paragraph\">Hello,<br><br>The PCG Implementation QC process for @{body('Parse_JSON_of_payload_1')?['SNAME']} has been completed successfully. All required checks have been validated, and no issues were identified.<br>The overall verdict for this cycle is @{concat(\n    '<span style=\"color:',\n        if(\n            equals(toLower(body('Parse_JSON_-_Extracted_Data_from_Quality_agent')?['overall_verdict']), 'pass'),\n            'green',\n            'orange'\n        ),\n    '\"><strong>',\n        body('Parse_JSON_-_Extracted_Data_from_Quality_agent')?['overall_verdict'],\n    '</strong></span>'\n)}.</p><p class=\"editor-paragraph\"><br>Please review all details in the Dashboard as well.</p><p class=\"editor-paragraph\"><br>You can access the link here: <a href=\"@{parameters('ReactDashboard (cr705_ReactDashboard)')}\" class=\"editor-link\">Dashboard</a>.<br><br>Thanks!</p>",
                              "emailMessage/Importance": "Normal"
                            },
                            "host": {
                              "apiId": "/providers/Microsoft.PowerApps/apis/shared_office365",
                              "operationId": "SendEmailV2",
                              "connectionName": "shared_office365-1"
                            }
                          }
                        },
                        "Compose_-_Quality_Control_Agent": {
                          "runAfter": {
                            "Send_an_email_(V2)_-_Success": [
                              "Succeeded"
                            ]
                          },
                          "metadata": {
                            "operationMetadataId": "ee639cb3-c9f1-4fa4-b78e-58a9fe551471"
                          },
                          "type": "Compose",
                          "inputs": {
                            "SNAME": "@{body('Parse_JSON_of_payload')?['SNAME']}",
                            "Account Number": "@{body('Parse_JSON_of_payload')?['Account Number']}",
                            "Estimate Value": "@{body('Parse_JSON_of_payload')?['Estimate Value']}",
                            "Style": "@{body('Parse_JSON_of_payload')?['Style']}",
                            "AccountBalance": "@{body('Parse_JSON_of_payload')?['AccountBalance']}",
                            "Composite": "@{body('Parse_JSON_of_payload')?['Composite']}",
                            "Composite Date": "@{body('Parse_JSON_of_payload')?['Composite Date']}",
                            "Memo": "@{body('Parse_JSON_of_payload')?['Memo']}",
                            "DESBRK": "@{body('Parse_JSON_of_payload_1')?['DESBRK']}",
                            "Confidence Score": "@{outputs('Compose_update_score_in_persentage')}"
                          }
                        },
                        "Update_item_-_QC_Stage_is_greater_than_Confidence_Score": {
                          "runAfter": {
                            "Compose_-_Quality_Control_Agent": [
                              "Succeeded"
                            ]
                          },
                          "metadata": {
                            "operationMetadataId": "59edbb8f-ca44-4c34-a41c-2ff2721651c6"
                          },
                          "type": "OpenApiConnection",
                          "inputs": {
                            "parameters": {
                              "dataset": "@parameters('SharepointUrl (cr705_SharepointUrl)')",
                              "table": "@parameters('SharepointListName (cr705_SharepointListName)')",
                              "id": "@int(triggerBody()?['text_3'])",
                              "item/Title": "@body('Parse_JSON_of_payload')?['SNAME']",
                              "item/Status/Value": "Quality Control Stage",
                              "item/AccountNumber": "@body('Parse_JSON_of_payload')?['Account Number']",
                              "item/Memo": "@body('Parse_JSON_of_payload')?['Memo']",
                              "item/PCGQualityControlAgent": "@string(outputs('Compose_-_Quality_Control_Agent'))",
                              "item/EstimateValue": "@body('Parse_JSON_of_payload')?['Estimate Value']",
                              "item/Style": "@body('Parse_JSON_of_payload')?['Style']",
                              "item/CompositeDate": "@body('Parse_JSON_of_payload')?['Composite Date']",
                              "item/Composite": "@body('Parse_JSON_of_payload')?['Composite']",
                              "item/AccountBalance0": "@body('Parse_JSON_of_payload')?['AccountBalance']",
                              "item/DESKBRK": "@body('Parse_JSON_of_payload')?['DESBRK']"
                            },
                            "host": {
                              "apiId": "/providers/Microsoft.PowerApps/apis/shared_sharepointonline",
                              "operationId": "PatchItem",
                              "connectionName": "shared_sharepointonline"
                            }
                          }
                        },
                        "Scope_-_Handover_Stage": {
                          "actions": {
                            "Update_item_-_Handover_stage": {
                              "metadata": {
                                "operationMetadataId": "99616dd3-639b-443e-99a2-377b9c52a5b2"
                              },
                              "type": "OpenApiConnection",
                              "inputs": {
                                "parameters": {
                                  "dataset": "@parameters('SharepointUrl (cr705_SharepointUrl)')",
                                  "table": "@parameters('SharepointListName (cr705_SharepointListName)')",
                                  "id": "@int(triggerBody()?['text_3'])",
                                  "item/Status/Value": "Handover Stage",
                                  "item/Personar/Value": "PCG Implementation"
                                },
                                "host": {
                                  "apiId": "/providers/Microsoft.PowerApps/apis/shared_sharepointonline",
                                  "operationId": "PatchItem",
                                  "connectionName": "shared_sharepointonline"
                                }
                              }
                            },
                            "Populate_a_Microsoft_Word_template": {
                              "runAfter": {
                                "Update_item_-_Handover_stage": [
                                  "Succeeded"
                                ]
                              },
                              "metadata": {
                                "01EXDTL7ERH7JLY34RGBD33T4WPGXF6KDL": "/PendingAccountTemplate1.docx",
                                "operationMetadataId": "8f1d71ee-215c-44a2-8dec-22a18506841c",
                                "01EXDTL7E5QFSQTSWCVZBZTJRQ7OYKR4NB": "/PendingAccountTemplate.docx"
                              },
                              "type": "OpenApiConnection",
                              "inputs": {
                                "parameters": {
                                  "source": "@parameters('SharepointUrl (cr705_SharepointUrl)')",
                                  "drive": "@parameters('PCGAdminTemplateId (cr705_PCGAdminTemplateId)')",
                                  "file": "@parameters('PCGAdminDocument (cr705_PCGAdminDocument)')",
                                  "dynamicFileSchema/151104690": "@body('Parse_JSON_of_payload')?['Estimate Value']",
                                  "dynamicFileSchema/658271591": "@body('Parse_JSON_of_payload')?['Memo']",
                                  "dynamicFileSchema/1072783768": "@body('Parse_JSON_of_payload')?['Composite']",
                                  "dynamicFileSchema/1765345609": "@body('Parse_JSON_of_payload')?['Style']",
                                  "dynamicFileSchema/-1655750127": "@body('Parse_JSON_of_payload')?['SNAME']",
                                  "dynamicFileSchema/-291987673": "@body('Parse_JSON_of_payload')?['Account Number']",
                                  "dynamicFileSchema/-992399932": "@body('Parse_JSON_of_payload')?['AccountBalance']",
                                  "dynamicFileSchema/-706016129": "@body('Parse_JSON_of_payload')?['Composite Date']"
                                },
                                "host": {
                                  "apiId": "/providers/Microsoft.PowerApps/apis/shared_wordonlinebusiness",
                                  "operationId": "CreateFileItem",
                                  "connectionName": "shared_wordonlinebusiness"
                                }
                              }
                            },
                            "Compose_–_Folder_Path": {
                              "runAfter": {
                                "Populate_a_Microsoft_Word_template": [
                                  "Succeeded"
                                ]
                              },
                              "metadata": {
                                "operationMetadataId": "2452d11f-1f3d-4b84-a54c-6d47388137df"
                              },
                              "type": "Compose",
                              "inputs": "@concat(\r\n    triggerBody()?['text_8'],\r\n    '/',\r\n    parameters('PCGAdminOutputFolder (cr705_PCGAdminOutputFolder)')\r\n)\r\n"
                            },
                            "Create_file_-_SharePoint_library": {
                              "runAfter": {
                                "Compose_3": [
                                  "Succeeded"
                                ]
                              },
                              "metadata": {
                                "operationMetadataId": "a5c524d8-bdb2-484f-aed5-d2340881c6b3"
                              },
                              "type": "OpenApiConnection",
                              "inputs": {
                                "parameters": {
                                  "dataset": "@parameters('SharepointUrl (cr705_SharepointUrl)')",
                                  "folderPath": "@outputs('Create_new_folder_-_PCG_Admin_Output')?['body/{Path}']",
                                  "name": "@parameters('PCGAdminEvidence (cr705_PCGAdminEvidence)')",
                                  "body": "@body('Populate_a_Microsoft_Word_template')"
                                },
                                "host": {
                                  "apiId": "/providers/Microsoft.PowerApps/apis/shared_sharepointonline",
                                  "operationId": "CreateFile",
                                  "connectionName": "shared_sharepointonline"
                                }
                              },
                              "runtimeConfiguration": {
                                "contentTransfer": {
                                  "transferMode": "Chunked"
                                }
                              }
                            },
                            "Send_an_email_(V2)_4_-_PCG_Trades_begins": {
                              "runAfter": {
                                "Create_file_-_SharePoint_library": [
                                  "Succeeded"
                                ]
                              },
                              "metadata": {
                                "operationMetadataId": "f46e8436-a2e6-4c71-91e4-7c237db0d2a0"
                              },
                              "type": "OpenApiConnection",
                              "inputs": {
                                "parameters": {
                                  "emailMessage/To": "@parameters('PCGAdminEmail (cr705_PCGAdminEmail)')",
                                  "emailMessage/Subject": "PCG Traders flow begins for @{body('Parse_JSON_of_payload')?['SNAME']}",
                                  "emailMessage/Body": "<p class=\"editor-paragraph\">Hello,<br><br>PCG implementation process is completed. PCG traders begins in next stage<br><br><b><strong class=\"editor-text-bold\">SNAME</strong></b> : @{body('Parse_JSON_of_payload')?['SNAME']}<br><b><strong class=\"editor-text-bold\">Account</strong></b> <b><strong class=\"editor-text-bold\">Number</strong></b> : @{body('Parse_JSON_of_payload')?['Account Number']}<br><b><strong class=\"editor-text-bold\">Estimate</strong></b> <b><strong class=\"editor-text-bold\">Value</strong></b> : @{body('Parse_JSON_of_payload')?['Estimate Value']}<br><b><strong class=\"editor-text-bold\">Style</strong></b> : @{body('Parse_JSON_of_payload')?['Style']}<br><b><strong class=\"editor-text-bold\">Account</strong></b> <b><strong class=\"editor-text-bold\">Balance</strong></b> : @{body('Parse_JSON_of_payload')?['AccountBalance']}<br><b><strong class=\"editor-text-bold\">Composite</strong></b> : @{body('Parse_JSON_of_payload')?['Composite']}<br><b><strong class=\"editor-text-bold\">Composite</strong></b> <b><strong class=\"editor-text-bold\">Date</strong></b> : @{body('Parse_JSON_of_payload')?['Composite Date']}<br><b><strong class=\"editor-text-bold\">Memo</strong></b> : @{body('Parse_JSON_of_payload')?['Memo']}<br><b><strong class=\"editor-text-bold\">DESBRK</strong></b> : @{body('Parse_JSON_of_payload')?['DESBRK']}<br><br>Please review the document present in the folder: <a href=\"https://avamw.sharepoint.com/sites/AvaMW/@{outputs('Create_new_folder_-_PCG_Admin_Output')?['body/{Path}']}\" class=\"editor-link\">Account_Details</a></p><p class=\"editor-paragraph\">Thanks!<br></p><br>",
                                  "emailMessage/Attachments": [
                                    {
                                      "Name": "AccountSummary.docx",
                                      "ContentBytes": "@body('Populate_a_Microsoft_Word_template')"
                                    }
                                  ],
                                  "emailMessage/Importance": "Normal"
                                },
                                "host": {
                                  "apiId": "/providers/Microsoft.PowerApps/apis/shared_office365",
                                  "operationId": "SendEmailV2",
                                  "connectionName": "shared_office365-1"
                                }
                              }
                            },
                            "Compose_3": {
                              "runAfter": {
                                "Compose_–_Folder_Path": [
                                  "Succeeded"
                                ]
                              },
                              "metadata": {
                                "operationMetadataId": "da498c30-c569-4b8d-b8ae-b7537b0bd0fc"
                              },
                              "type": "Compose",
                              "inputs": "@{outputs('Create_new_folder_-_PCG_Admin_Output')?['body/{Path}']}/@{parameters('PCGAdminOutputFolder (cr705_PCGAdminOutputFolder)')}"
                            }
                          },
                          "runAfter": {
                            "Update_item_-_QC_Stage_is_greater_than_Confidence_Score": [
                              "Succeeded"
                            ]
                          },
                          "metadata": {
                            "operationMetadataId": "581d6fad-3c57-4ff0-912b-79145116c9e8"
                          },
                          "type": "Scope"
                        }
                      },
                      "runAfter": {
                        "Compose_update_score_in_persentage": [
                          "Succeeded"
                        ]
                      },
                      "else": {
                        "actions": {
                          "Send_an_email_(V2)_-_Fail": {
                            "metadata": {
                              "operationMetadataId": "23a07439-30f7-45dc-83bf-946093092b47"
                            },
                            "type": "OpenApiConnection",
                            "inputs": {
                              "parameters": {
                                "emailMessage/To": "@parameters('PCGAdminEmail (cr705_PCGAdminEmail)')",
                                "emailMessage/Subject": "@{concat('PCG Implementation QC report',' — ', coalesce(body('Parse_JSON_-_Extracted_Data_from_Quality_agent')?['overall_verdict'], 'N/A'))} - @{body('Parse_JSON_of_payload_1')?['SNAME']}",
                                "emailMessage/Body": "<p class=\"editor-paragraph\">Hello,<br><br>The PCG Implementation QC process for @{body('Parse_JSON_of_payload_1')?['SNAME']} has been completed, and certain checks did not meet the required standards. Several issues were identified during the validation. The overall verdict for this cycle is @{concat(\n    '<span style=\"color:red\"><strong>',\n    coalesce(body('Parse_JSON_-_Extracted_Data_from_Quality_agent')?['overall_verdict'], 'N/A'),\n    '</strong></span>'\n)}.<br>Please review the details, take the necessary corrective action, and verify all information in the Dashboard.</p><p class=\"editor-paragraph\"><br>You can access the link here: <a href=\"@{parameters('ReactDashboard (cr705_ReactDashboard)')}\" class=\"editor-link\">Dashboard</a>.<br><br>Thanks!</p>",
                                "emailMessage/Importance": "Normal"
                              },
                              "host": {
                                "apiId": "/providers/Microsoft.PowerApps/apis/shared_office365",
                                "operationId": "SendEmailV2",
                                "connectionName": "shared_office365-1"
                              }
                            }
                          },
                          "Update_item_-_QC_Stage_is_not_greater_than_Confidence_Score": {
                            "runAfter": {
                              "Send_an_email_(V2)_-_Fail": [
                                "Succeeded"
                              ]
                            },
                            "metadata": {
                              "operationMetadataId": "59edbb8f-ca44-4c34-a41c-2ff2721651c6"
                            },
                            "type": "OpenApiConnection",
                            "inputs": {
                              "parameters": {
                                "dataset": "@parameters('SharepointUrl (cr705_SharepointUrl)')",
                                "table": "@parameters('SharepointListName (cr705_SharepointListName)')",
                                "id": "@int(triggerBody()?['text_3'])",
                                "item/Title": "@body('Parse_JSON_of_payload')?['SNAME']",
                                "item/Status/Value": "Quality Control Stage",
                                "item/AccountNumber": "@body('Parse_JSON_of_payload')?['Account Number']",
                                "item/Memo": "@body('Parse_JSON_of_payload')?['Memo']",
                                "item/EstimateValue": "@body('Parse_JSON_of_payload')?['Estimate Value']",
                                "item/Style": "@body('Parse_JSON_of_payload')?['Style']",
                                "item/CompositeDate": "@body('Parse_JSON_of_payload')?['Composite Date']",
                                "item/Composite": "@body('Parse_JSON_of_payload')?['Composite']",
                                "item/AccountBalance0": "@body('Parse_JSON_of_payload')?['AccountBalance']",
                                "item/DESKBRK": "@body('Parse_JSON_of_payload')?['DESKBRK']",
                                "item/ProcessStatus/Value": "Failed",
                                "item/ReasonforFailure": "Falied due to low confidence score."
                              },
                              "host": {
                                "apiId": "/providers/Microsoft.PowerApps/apis/shared_sharepointonline",
                                "operationId": "PatchItem",
                                "connectionName": "shared_sharepointonline"
                              }
                            }
                          }
                        }
                      },
                      "expression": {
                        "and": [
                          {
                            "greater": [
                              "@float(coalesce(body('Parse_JSON_-_Extracted_Data_from_Quality_agent')?['overall_score'], 0))",
                              "@decimal(parameters('ThresholdValueForPCGAdmin (cr705_ThresholdvalueforPCGadmin)'))"
                            ]
                          }
                        ]
                      },
                      "metadata": {
                        "operationMetadataId": "65baa7cb-a8bc-43a1-b0f6-b296eb1f4321"
                      },
                      "type": "If"
                    },
                    "Compose_update_score_in_persentage": {
                      "runAfter": {
                        "Compose_—_OverallScore": [
                          "Succeeded"
                        ]
                      },
                      "metadata": {
                        "operationMetadataId": "789e3c3f-00a1-475b-86af-6c8404446d9e"
                      },
                      "type": "Compose",
                      "inputs": "@concat(string(mul(float(outputs('Compose_—_OverallScore')),100)), '%')\r\n"
                    }
                  },
                  "runAfter": {
                    "Compose_-_storing_body_data_in_string_format_for_sharepoint_list": [
                      "Succeeded"
                    ]
                  },
                  "metadata": {
                    "operationMetadataId": "94a4034b-59dc-4f1b-92ef-fb838f4f69d4"
                  },
                  "type": "Scope"
                },
                "Update_item_-_PCG_Portfolio_Optimization_Agent_Output": {
                  "runAfter": {
                    "Parse_JSON_of_payload_1": [
                      "Succeeded"
                    ]
                  },
                  "metadata": {
                    "operationMetadataId": "99616dd3-639b-443e-99a2-377b9c52a5b2"
                  },
                  "type": "OpenApiConnection",
                  "inputs": {
                    "parameters": {
                      "dataset": "@parameters('SharepointUrl (cr705_SharepointUrl)')",
                      "table": "@parameters('SharepointListName (cr705_SharepointListName)')",
                      "id": "@int(triggerBody()?['text_3'])",
                      "item/Status/Value": "Quality Control Stage",
                      "item/Personar/Value": "PCG Implementation",
                      "item/PCGPortfolioOptimizationAgentOut": "@string(outputs('Multi-Model_agent_output_JSON_after_Committing_block'))"
                    },
                    "host": {
                      "apiId": "/providers/Microsoft.PowerApps/apis/shared_sharepointonline",
                      "operationId": "PatchItem",
                      "connectionName": "shared_sharepointonline"
                    }
                  }
                },
                "Parse_JSON_of_payload_1": {
                  "runAfter": {
                    "Multi-Model_agent_output_JSON_after_Committing_block": [
                      "Succeeded"
                    ]
                  },
                  "metadata": {
                    "operationMetadataId": "daf5be98-3b19-4b6a-bbcd-375da73afefe"
                  },
                  "type": "ParseJson",
                  "inputs": {
                    "content": "@outputs('Multi-Model_agent_output_JSON_after_Committing_block')",
                    "schema": {
                      "type": "object",
                      "properties": {
                        "SNAME": {
                          "type": "string"
                        },
                        "Account Number": {
                          "type": "string"
                        },
                        "Estimate Value": {
                          "type": "string"
                        },
                        "Style": {
                          "type": "string"
                        },
                        "AccountBalance": {
                          "type": "string"
                        },
                        "Composite": {
                          "type": "string"
                        },
                        "Composite Date": {
                          "type": "string"
                        },
                        "Memo": {
                          "type": "string"
                        },
                        "DESBRK": {
                          "type": "string"
                        },
                        "Evidenceurl": {
                          "type": "string"
                        },
                        "PCGImplementationScreenshotFolderPath": {
                          "type": "array",
                          "items": {
                            "type": "string"
                          }
                        }
                      }
                    }
                  }
                },
                "Compose_-_cua_input_for_quality_agent": {
                  "runAfter": {
                    "Compose_-_FinalInputJSON": [
                      "Succeeded"
                    ]
                  },
                  "metadata": {
                    "operationMetadataId": "8d2e4c62-0eb7-4bc9-b067-70280166e7e6"
                  },
                  "type": "Compose",
                  "inputs": {
                    "SNAME": "DUANE2",
                    "AccountBalance": "175003",
                    "AccountNo": "77019504",
                    "Style": "SCCORE-SYSTEM SCCORE",
                    "Composite": "FLCCWE",
                    "Composite Date": "10/16/25",
                    "MEMO": "",
                    "DESBRK": "PW3"
                  }
                }
              },
              "runAfter": {
                "Parse_JSON_for_PCGIMplementationApprovalResposne": [
                  "Succeeded"
                ]
              },
              "else": {
                "actions": {
                  "Send_an_email_(V2)_-_if_rejected_": {
                    "metadata": {
                      "operationMetadataId": "7249552a-6a8e-41c5-a14b-a09893b7447e"
                    },
                    "type": "OpenApiConnection",
                    "inputs": {
                      "parameters": {
                        "emailMessage/To": "@parameters('PCGAdminEmail (cr705_PCGAdminEmail)')",
                        "emailMessage/Subject": "Portfolio rebalancing Request rejected for @{body('Parse_JSON_of_payload')?['SNAME']}.",
                        "emailMessage/Body": "<p class=\"editor-paragraph\">Hello,<br><br>Requesting you to revalidate the percentage of stocks. Please review the following details:<br><b><strong class=\"editor-text-bold\">Comment</strong></b> : @{body('Parse_JSON_for_PCGIMplementationApprovalResposne')?['Comment']}</p><p class=\"editor-paragraph\">Please verify all details in the <a href=\"@{parameters('ReactDashboard (cr705_ReactDashboard)')}\" class=\"editor-link\">Dashboard</a> as well.</p><br><p class=\"editor-paragraph\">Thanks!</p>",
                        "emailMessage/Importance": "Normal"
                      },
                      "host": {
                        "apiId": "/providers/Microsoft.PowerApps/apis/shared_office365",
                        "operationId": "SendEmailV2",
                        "connectionName": "shared_office365"
                      }
                    }
                  },
                  "Update_item_-_PCG_Portfolio_Rebalancing_Rejected": {
                    "runAfter": {
                      "Send_an_email_(V2)_-_if_rejected_": [
                        "Succeeded"
                      ]
                    },
                    "metadata": {
                      "operationMetadataId": "d08566f8-3c5e-476d-b126-530f5ceec01c"
                    },
                    "type": "OpenApiConnection",
                    "inputs": {
                      "parameters": {
                        "dataset": "@parameters('SharepointUrl (cr705_SharepointUrl)')",
                        "table": "@parameters('SharepointListName (cr705_SharepointListName)')",
                        "id": "@int(triggerBody()?['text_3'])",
                        "item/ProcessStatus/Value": "Failed",
                        "item/ReasonforFailure": "Portfolio Rebalancing rejected. Remediation required."
                      },
                      "host": {
                        "apiId": "/providers/Microsoft.PowerApps/apis/shared_sharepointonline",
                        "operationId": "PatchItem",
                        "connectionName": "shared_sharepointonline"
                      }
                    }
                  }
                }
              },
              "expression": {
                "and": [
                  {
                    "equals": [
                      "@body('Parse_JSON_for_PCGIMplementationApprovalResposne')?['Response']",
                      "Yes"
                    ]
                  }
                ]
              },
              "metadata": {
                "operationMetadataId": "2eaf4f9a-479f-4330-b22b-3c134fbf46c4"
              },
              "type": "If"
            },
            "Parse_JSON_for_PCGIMplementationApprovalResposne": {
              "runAfter": {
                "Get_current_item_for_PCGImplementationApprovalResponse_value": [
                  "Succeeded"
                ]
              },
              "metadata": {
                "operationMetadataId": "d8a062bc-1d1a-44d3-84ae-db1d37bb35bb"
              },
              "type": "ParseJson",
              "inputs": {
                "content": "@outputs('Get_current_item_for_PCGImplementationApprovalResponse_value')?['body/PCGImplementationApprovalRespons']",
                "schema": {
                  "type": "object",
                  "properties": {
                    "Response": {
                      "type": "string"
                    },
                    "ReviewedBy": {
                      "type": "string"
                    },
                    "Comment": {
                      "type": "string"
                    }
                  }
                }
              }
            },
            "Compose": {
              "runAfter": {
                "Update_item_-_Processing_stage": [
                  "Succeeded"
                ]
              },
              "metadata": {
                "operationMetadataId": "3c06d113-e13e-4f5e-88a4-aa53166cda78"
              },
              "type": "Compose",
              "inputs": "@{triggerBody()?['text_10']}@{parameters('PCGAdminOutputFolder (cr705_PCGAdminOutputFolder)')}/@{parameters('PCGAdminAPLScreenshotFolder (cr705_PCGAdminAPLScreenshotFolder)')}"
            },
            "Compose_-_full_path": {
              "runAfter": {
                "Compose": [
                  "Succeeded"
                ]
              },
              "metadata": {
                "operationMetadataId": "1ea43b1e-cb5f-4704-8247-fa6fcc8f06b7"
              },
              "type": "Compose",
              "inputs": "@concat(\r\n    last(split(triggerBody()?['text_10'], parameters('MailAttachmentsLibrary (cr705_MailAttachmentsLibrary)'))),\r\n    '/',\r\n    parameters('PCGAdminOutputFolder (cr705_PCGAdminOutputFolder)'),\r\n    '/',\r\n    parameters('PCGAdminAPLScreenshotFolder (cr705_PCGAdminAPLScreenshotFolder)')\r\n)\r\n"
            }
          },
          "runAfter": {
            "Initialize_variable_JSONObject": [
              "Succeeded"
            ]
          },
          "metadata": {
            "operationMetadataId": "eb4981e3-73e2-49f3-837c-6b2b2f67b47c"
          },
          "type": "Scope"
        },
        "Initialize_variable_-_Screenshot_Array": {
          "runAfter": {
            "Initialize_variable_-_outputfolder": [
              "Succeeded"
            ]
          },
          "metadata": {
            "operationMetadataId": "1e9ece24-2734-4ba3-8b95-fe4da034324b"
          },
          "type": "InitializeVariable",
          "inputs": {
            "variables": [
              {
                "name": "ScreenshotArray",
                "type": "array",
                "value": []
              }
            ]
          }
        },
        "Initialize_variable_-_ScreenshotObject": {
          "runAfter": {
            "Initialize_variable_-_Screenshot_Array": [
              "Succeeded"
            ]
          },
          "metadata": {
            "operationMetadataId": "9f809d00-60ef-4001-926d-aaadbedbb7ce"
          },
          "type": "InitializeVariable",
          "inputs": {
            "variables": [
              {
                "name": "ScreenshotObject",
                "type": "object",
                "value": {}
              }
            ]
          }
        },
        "Initialize_variable_-_Filejson": {
          "runAfter": {
            "Initialize_variable_-_ScreenshotObject": [
              "Succeeded"
            ]
          },
          "metadata": {
            "operationMetadataId": "5e07e41c-4e04-4644-a330-32b084e4e948"
          },
          "type": "InitializeVariable",
          "inputs": {
            "variables": [
              {
                "name": "Filejson",
                "type": "object",
                "value": {}
              }
            ]
          }
        },
        "Initialize_variable_JSONObject": {
          "runAfter": {
            "Initialize_variable_-_Filejson": [
              "Succeeded"
            ]
          },
          "metadata": {
            "operationMetadataId": "9164e7e9-a2d3-4c3d-a251-821826055bd9"
          },
          "type": "InitializeVariable",
          "inputs": {
            "variables": [
              {
                "name": "JSONObject",
                "type": "object",
                "value": {}
              }
            ]
          }
        },
        "Respond_to_a_Power_App_or_flow": {
          "runAfter": {
            "Scope_-_Processing_Stage": [
              "Succeeded"
            ]
          },
          "metadata": {
            "operationMetadataId": "79642567-2ea7-402f-9086-5257340f2c54"
          },
          "type": "Response",
          "kind": "PowerApp",
          "inputs": {
            "schema": {
              "type": "object",
              "properties": {
                "approvalresult": {
                  "title": "ApprovalResult",
                  "x-ms-dynamically-added": true,
                  "type": "string"
                }
              },
              "additionalProperties": {}
            },
            "statusCode": 200,
            "body": {
              "approvalresult": "Approved"
            }
          }
        }
      }
    },
    "templateName": null
  },
  "schemaVersion": "1.0.0.0"
}