<ImportExportXml version="9.2.25102.172" SolutionPackageVersion="9.2" languagecode="1033" generatedBy="CrmLive" xmlns:xsi="http://www.w3.org/2001/XMLSchema-instance" OrganizationVersion="9.2.25102.172" OrganizationSchemaType="Standard" CRMServerServiceabilityVersion="9.2.25102.00172">
  <SolutionManifest>
    <UniqueName>ClientandPCGflow</UniqueName>
    <LocalizedNames>
      <LocalizedName description="Client and PCG flow" languagecode="1033" />
    </LocalizedNames>
    <Descriptions />
    <Version>1.0.0.1</Version>
    <Managed>0</Managed>
    <Publisher>
      <UniqueName>Cr049dc</UniqueName>
      <LocalizedNames>
        <LocalizedName description="CDS Default Publisher" languagecode="1033" />
      </LocalizedNames>
      <Descriptions />
      <EMailAddress xsi:nil="true"></EMailAddress>
      <SupportingWebsiteUrl xsi:nil="true"></SupportingWebsiteUrl>
      <CustomizationPrefix>cr705</CustomizationPrefix>
      <CustomizationOptionValuePrefix>38438</CustomizationOptionValuePrefix>
      <Addresses>
        <Address>
          <AddressNumber>1</AddressNumber>
          <AddressTypeCode xsi:nil="true"></AddressTypeCode>
          <City xsi:nil="true"></City>
          <County xsi:nil="true"></County>
          <Country xsi:nil="true"></Country>
          <Fax xsi:nil="true"></Fax>
          <FreightTermsCode xsi:nil="true"></FreightTermsCode>
          <ImportSequenceNumber xsi:nil="true"></ImportSequenceNumber>
          <Latitude xsi:nil="true"></Latitude>
          <Line1 xsi:nil="true"></Line1>
          <Line2 xsi:nil="true"></Line2>
          <Line3 xsi:nil="true"></Line3>
          <Longitude xsi:nil="true"></Longitude>
          <Name xsi:nil="true"></Name>
          <PostalCode xsi:nil="true"></PostalCode>
          <PostOfficeBox xsi:nil="true"></PostOfficeBox>
          <PrimaryContactName xsi:nil="true"></PrimaryContactName>
          <ShippingMethodCode xsi:nil="true"></ShippingMethodCode>
          <StateOrProvince xsi:nil="true"></StateOrProvince>
          <Telephone1 xsi:nil="true"></Telephone1>
          <Telephone2 xsi:nil="true"></Telephone2>
          <Telephone3 xsi:nil="true"></Telephone3>
          <TimeZoneRuleVersionNumber xsi:nil="true"></TimeZoneRuleVersionNumber>
          <UPSZone xsi:nil="true"></UPSZone>
          <UTCOffset xsi:nil="true"></UTCOffset>
          <UTCConversionTimeZoneCode xsi:nil="true"></UTCConversionTimeZoneCode>
        </Address>
        <Address>
          <AddressNumber>2</AddressNumber>
          <AddressTypeCode xsi:nil="true"></AddressTypeCode>
          <City xsi:nil="true"></City>
          <County xsi:nil="true"></County>
          <Country xsi:nil="true"></Country>
          <Fax xsi:nil="true"></Fax>
          <FreightTermsCode xsi:nil="true"></FreightTermsCode>
          <ImportSequenceNumber xsi:nil="true"></ImportSequenceNumber>
          <Latitude xsi:nil="true"></Latitude>
          <Line1 xsi:nil="true"></Line1>
          <Line2 xsi:nil="true"></Line2>
          <Line3 xsi:nil="true"></Line3>
          <Longitude xsi:nil="true"></Longitude>
          <Name xsi:nil="true"></Name>
          <PostalCode xsi:nil="true"></PostalCode>
          <PostOfficeBox xsi:nil="true"></PostOfficeBox>
          <PrimaryContactName xsi:nil="true"></PrimaryContactName>
          <ShippingMethodCode xsi:nil="true"></ShippingMethodCode>
          <StateOrProvince xsi:nil="true"></StateOrProvince>
          <Telephone1 xsi:nil="true"></Telephone1>
          <Telephone2 xsi:nil="true"></Telephone2>
          <Telephone3 xsi:nil="true"></Telephone3>
          <TimeZoneRuleVersionNumber xsi:nil="true"></TimeZoneRuleVersionNumber>
          <UPSZone xsi:nil="true"></UPSZone>
          <UTCOffset xsi:nil="true"></UTCOffset>
          <UTCConversionTimeZoneCode xsi:nil="true"></UTCConversionTimeZoneCode>
        </Address>
      </Addresses>
    </Publisher>
    <RootComponents>
      <RootComponent type="29" id="{0daa0297-50be-f011-bbd3-000d3a1f9dff}" behavior="0" />
      <RootComponent type="29" id="{282da7d0-98be-f011-bbd3-000d3a1f9dff}" behavior="0" />
      <RootComponent type="29" id="{41a7d0c4-a4b9-f011-bbd3-000d3a1f9dff}" behavior="0" />
      <RootComponent type="29" id="{4327436f-65b9-f011-bbd3-000d3a1f9dff}" behavior="0" />
      <RootComponent type="29" id="{5adfa5e5-07bc-f011-bbd3-000d3a1f9dff}" behavior="0" />
      <RootComponent type="29" id="{6335d658-75bc-f011-bbd3-000d3a1f9dff}" behavior="0" />
      <RootComponent type="29" id="{650f98b5-68b9-f011-bbd3-000d3a1f9dff}" behavior="0" />
      <RootComponent type="29" id="{6ad90024-85c0-f011-bbd3-000d3a1f9dff}" behavior="0" />
      <RootComponent type="29" id="{74cfdaa6-34c1-f011-bbd3-000d3a1f9dff}" behavior="0" />
      <RootComponent type="29" id="{9fe02dce-97be-f011-bbd3-000d3a1f9dff}" behavior="0" />
      <RootComponent type="29" id="{a08a88bf-07bc-f011-bbd3-000d3a1f9dff}" behavior="0" />
      <RootComponent type="29" id="{e1762312-c8ba-f011-bbd3-000d3a1f9dff}" behavior="0" />
      <RootComponent type="29" id="{f416536d-51be-f011-bbd3-000d3a1f9dff}" behavior="0" />
    </RootComponents>
    <MissingDependencies />
  </SolutionManifest>
</ImportExportXml>