<environmentvariabledefinition schemaname="cr705_FolderPath">
  <defaultvalue>/Mail Attachments/PendingAccount_Excel/</defaultvalue>
  <description default="Base SharePoint folder path for Pending Account Excel files.">
    <label description="Base SharePoint folder path for Pending Account Excel files." languagecode="1033" />
  </description>
  <displayname default="PendingAccountFolderPath">
    <label description="PendingAccountFolderPath" languagecode="1033" />
  </displayname>
  <introducedversion>1.0.0.0</introducedversion>
  <iscustomizable>1</iscustomizable>
  <isrequired>0</isrequired>
  <secretstore>0</secretstore>
  <type>100000000</type>
</environmentvariabledefinition>