<environmentvariabledefinition schemaname="cr705_ClientAdminAPLProcessScreenshot">
  <defaultvalue>Screenshot_Captured_During_APL_Process.txt</defaultvalue>
  <description default="Screenshots captured during Client Admin APL Process">
    <label description="Screenshots captured during Client Admin APL Process" languagecode="1033" />
  </description>
  <displayname default="ClientAdminAPLProcessScreenshot">
    <label description="ClientAdminAPLProcessScreenshot" languagecode="1033" />
  </displayname>
  <introducedversion>1.0.0.0</introducedversion>
  <iscustomizable>1</iscustomizable>
  <isrequired>0</isrequired>
  <secretstore>0</secretstore>
  <type>100000000</type>
</environmentvariabledefinition>