<environmentvariabledefinition schemaname="cr705_PCGAdminSccreenshot">
  <defaultvalue>Screenshot_Captured_During_P_O_A_APL_Process.txt</defaultvalue>
  <description default="Screenshots captured during Portfolio Optimization Agent APL Process">
    <label description="Screenshots captured during Portfolio Optimization Agent APL Process" languagecode="1033" />
  </description>
  <displayname default="PCGAdminScreenshot">
    <label description="PCGAdminScreenshot" languagecode="1033" />
  </displayname>
  <introducedversion>1.0.0.0</introducedversion>
  <iscustomizable>1</iscustomizable>
  <isrequired>0</isrequired>
  <secretstore>0</secretstore>
  <type>100000000</type>
</environmentvariabledefinition>