<environmentvariabledefinition schemaname="cr705_ClientAdminDocumentTemplate">
  <defaultvalue>Template</defaultvalue>
  <description default="This is the library name">
    <label description="This is the library name" languagecode="1033" />
  </description>
  <displayname default="ClientAdminDocumentTemplate">
    <label description="ClientAdminDocumentTemplate" languagecode="1033" />
  </displayname>
  <introducedversion>1.0.0.2</introducedversion>
  <iscustomizable>1</iscustomizable>
  <isrequired>0</isrequired>
  <secretstore>0</secretstore>
  <type>100000000</type>
</environmentvariabledefinition>