<environmentvariabledefinition schemaname="cr705_PCGAdminAPLScreenshotFolder">
  <defaultvalue>Portfolio_Optimization_Agent_Screenshot</defaultvalue>
  <displayname default="PCGAdminAPLScreenshotFolder">
    <label description="PCGAdminAPLScreenshotFolder" languagecode="1033" />
  </displayname>
  <introducedversion>1.0.0.0</introducedversion>
  <iscustomizable>1</iscustomizable>
  <isrequired>0</isrequired>
  <secretstore>0</secretstore>
  <type>100000000</type>
</environmentvariabledefinition>