<environmentvariabledefinition schemaname="cr705_ClientAdminMultimodelScreenshotfilder">
  <defaultvalue>/Template/Multimodel_Screenshot</defaultvalue>
  <description default="Storing Multimodel_screenshot folder in Template library">
    <label description="Storing Multimodel_screenshot folder in Template library" languagecode="1033" />
  </description>
  <displayname default="ClientAdminMultimodelScreenshotfolder">
    <label description="ClientAdminMultimodelScreenshotfolder" languagecode="1033" />
  </displayname>
  <introducedversion>1.0.0.2</introducedversion>
  <iscustomizable>1</iscustomizable>
  <isrequired>0</isrequired>
  <secretstore>0</secretstore>
  <type>100000000</type>
</environmentvariabledefinition>