<environmentvariabledefinition schemaname="cr705_PCGTradersScreenshot">
  <defaultvalue>Screenshot_Captured_During_Trader_Agent_APL_Process.txt</defaultvalue>
  <description default="Screenshots captured during Trader Agent APL Process">
    <label description="Screenshots captured during Trader Agent APL Process" languagecode="1033" />
  </description>
  <displayname default="PCGTradersScreenshot">
    <label description="PCGTradersScreenshot" languagecode="1033" />
  </displayname>
  <introducedversion>1.0.0.0</introducedversion>
  <iscustomizable>1</iscustomizable>
  <isrequired>0</isrequired>
  <secretstore>0</secretstore>
  <type>100000000</type>
</environmentvariabledefinition>